trh;rzgr;buhr
1.07.1991;7.2;13
2.07.1991;8.4;12
3.07.1991;5.4;10
4.07.1991;7.2;10
5.07.1991;7;11
6.07.1991;8.9;11
7.07.1991;6.4;10
8.07.1991;4.2;10.2
9.07.1991;6.7;12
10.07.1991;6.1;12
11.07.1991;7;13
12.07.1991;6.2;13
13.07.1991;7;14
14.07.1991;7.1;15
15.07.1991;7.3;13
16.07.1991;4;12
17.07.1991;3.7;14
18.07.1991;7.7;9.5
19.07.1991;3.8;10
20.07.1991;2.5;9
21.07.1991;3.1;8
22.07.1991;4;8.3
23.07.1991;4.4;10.2
24.07.1991;3.4;11
25.07.1991;5.2;12
26.07.1991;5.3;9
27.07.1991;4.2;14
28.07.1991;3;12
29.07.1991;5.3;10
30.07.1991;6.5;11
31.07.1991;3.4;9
1.08.1991;1.7;10
2.08.1991;1.2;11
3.08.1991;2.8;10
4.08.1991;3.1;10
5.08.1991;2.9;11
6.08.1991;1.4;10
7.08.1991;1.6;8.2
8.08.1991;1.8;10
9.08.1991;2.6;8.5
10.08.1991;2.7;9
11.08.1991;1.9;10
12.08.1991;2.8;10
13.08.1991;3.4;12
14.08.1991;4.3;12
15.08.1991;2.4;15
16.08.1991;1.2;10
17.08.1991;2;8.5
18.08.1991;2.2;10
19.08.1991;1.9;8.5
20.08.1991;1.8;10
21.08.1991;2.8;9
22.08.1991;4.2;10
23.08.1991;3.4;10
24.08.1991;3.6;10
25.08.1991;3.7;8.4
26.08.1991;4.4;8.5
27.08.1991;4.9;11.2
28.08.1991;3.9;11
29.08.1991;3.2;8
30.08.1991;2.7;8
31.08.1991;3.2;7
1.09.1991;3.3;7.5
2.09.1991;3.9;6.8
3.09.1991;4.9;9
4.09.1991;4.1;9.5
5.09.1991;5.2;9
6.09.1991;3.6;9
7.09.1991;3.4;11
8.09.1991;3.2;11
9.09.1991;3.8;8
10.09.1991;4.1;8
11.09.1991;5;11
12.09.1991;2.8;10
13.09.1991;2.7;5
14.09.1991;3.1;9
15.09.1991;4.4;7
16.09.1991;3;10
17.09.1991;3;10
18.09.1991;3.2;8
19.09.1991;3.2;8
20.09.1991;5.2;8
21.09.1991;2.6;10
22.09.1991;3.3;6
23.09.1991;2.4;5.5
24.09.1991;3.2;7
25.09.1991;3.5;8
26.09.1991;4;9
27.09.1991;3.9;9.5
28.09.1991;2;7.2
29.09.1991;2.9;7.2
30.09.1991;3.3;8
1.10.1991;3.9;7
2.10.1991;4;12
3.10.1991;3.1;9
4.10.1991;4.7;12.5
5.10.1991;2.8;8
6.10.1991;3.7;6
7.10.1991;2.9;2.5
8.10.1991;2.2;4
9.10.1991;4.4;2.7
10.10.1991;3.5;4
11.10.1991;2.6;7
12.10.1991;3.5;6
13.10.1991;3.2;7
14.10.1991;4.1;5
15.10.1991;3.7;6
16.10.1991;2.4;6
17.10.1991;2.8;6
18.10.1991;2.5;6
19.10.1991;3.4;5.5
20.10.1991;3.7;6
21.10.1991;3.3;6
22.10.1991;3;8
23.10.1991;4.6;4
24.10.1991;4.2;8
25.10.1991;2.8;6
26.10.1991;5.2;2.1
27.10.1991;4;6
28.10.1991;2;6.5
29.10.1991;1;6
30.10.1991;1.4;1
31.10.1991;1;3.5
1.11.1991;1;3
2.11.1991;2;4.1
3.11.1991;5;3.1
4.11.1991;2.4;4
5.11.1991;2.8;2.5
6.11.1991;2.1;3
7.11.1991;2.4;3.5
8.11.1991;2.4;2.8
9.11.1991;2.6;3.5
10.11.1991;2.4;3
11.11.1991;2.6;3
12.11.1991;2.5;2.5
13.11.1991;2.1;4
14.11.1991;2.4;3
15.11.1991;2.8;4
16.11.1991;2.7;1.8
17.11.1991;2.7;4
18.11.1991;3.3;2
19.11.1991;3.5;4
20.11.1991;2.5;2
21.11.1991;2.1;3
22.11.1991;2.5;3
23.11.1991;2.9;3
24.11.1991;2.3;4
25.11.1991;2.2;4
26.11.1991;3;3
27.11.1991;2.6;4
28.11.1991;3.4;0.7
29.11.1991;3.2;2
30.11.1991;3.4;1.3
1.12.1991;3.4;4.8
2.12.1991;3.4;2.3
3.12.1991;5.3;2.1
4.12.1991;5.6;5.2
5.12.1991;1.9;3
6.12.1991;3.4;2
7.12.1991;4.4;1.2
8.12.1991;6.9;3.1
9.12.1991;4.4;2.6
10.12.1991;1.5;3.5
11.12.1991;3.2;1
12.12.1991;3.7;1.7
13.12.1991;3.3;1.1
14.12.1991;2.9;4
15.12.1991;2.3;2
16.12.1991;2.6;1
17.12.1991;2;1
18.12.1991;2.9;2
19.12.1991;2.9;2
20.12.1991;2.5;1
21.12.1991;1.4;1.7
22.12.1991;4;0.2
23.12.1991;3;2.8
24.12.1991;3.7;2.8
25.12.1991;2.1;2
26.12.1991;4.1;0.4
27.12.1991;4.2;1
28.12.1991;2.8;1.5
29.12.1991;2.7;2.3
30.12.1991;2.6;0.5
31.12.1991;4.2;4.2
1.01.1992;4.7;3
2.01.1992;8.3;2
3.01.1992;3.3;2
4.01.1992;1.9;4.3
5.01.1992;2.7;3
6.01.1992;4.3;1.5
7.01.1992;2.8;2
8.01.1992;1.7;2
9.01.1992;2.8;2
10.01.1992;3.1;2
11.01.1992;2.5;2
12.01.1992;2;1
13.01.1992;4.1;1
14.01.1992;3.1;2.4
15.01.1992;2.3;1.1
16.01.1992;3;1
17.01.1992;2.1;2.4
18.01.1992;3.7;1.2
19.01.1992;3.1;2
20.01.1992;2.8;2
21.01.1992;2.6;2
22.01.1992;3.3;1.5
23.01.1992;3.3;3
24.01.1992;4.4;1
25.01.1992;1.7;3
26.01.1992;4.2;2
27.01.1992;5;1
28.01.1992;3.2;4
29.01.1992;4.5;3
30.01.1992;3.2;2.5
31.01.1992;3.2;0
1.02.1992;2.8;3.6
2.02.1992;3.2;2
3.02.1992;8.3;1
4.02.1992;4.8;2.4
5.02.1992;0.6;2.9
6.02.1992;3.1;0.2
7.02.1992;4.4;2.2
8.02.1992;3.4;3
9.02.1992;7.5;1.6
10.02.1992;4.8;3
11.02.1992;2.8;2.5
12.02.1992;2.2;2.4
13.02.1992;2.3;3
14.02.1992;1.8;1
15.02.1992;1.6;1
16.02.1992;3.2;3
17.02.1992;2.6;2
18.02.1992;3.6;2
19.02.1992;3.7;2
20.02.1992;5.9;3
21.02.1992;3.1;3
22.02.1992;3.6;0.7
23.02.1992;3.3;3
24.02.1992;3.4;1
25.02.1992;4.7;3
26.02.1992;4.1;2.5
27.02.1992;3.8;3
28.02.1992;3.6;3
29.02.1992;3.6;2.6
1.03.1992;3.6;2.3
2.03.1992;2.9;2
3.03.1992;3;2
4.03.1992;3.4;4
5.03.1992;3.6;1.8
6.03.1992;2.2;4.1
7.03.1992;2;3
8.03.1992;3.6;3
9.03.1992;2.8;1
10.03.1992;3.7;2
11.03.1992;5.3;3
12.03.1992;5.8;3
13.03.1992;3.5;5
14.03.1992;3;3.5
15.03.1992;2.9;3.2
16.03.1992;1.5;2.5
17.03.1992;4;2
18.03.1992;3;1.3
19.03.1992;3.1;0.9
20.03.1992;2.8;3
21.03.1992;4.5;1.9
22.03.1992;6.1;5
23.03.1992;5.4;3
24.03.1992;1.9;3
25.03.1992;2.7;3
26.03.1992;3;5
27.03.1992;3.6;5.2
28.03.1992;5;3.5
29.03.1992;4.5;6.5
30.03.1992;8;6
31.03.1992;4.6;6
1.04.1992;2.9;3
2.04.1992;2.2;4
3.04.1992;4.4;5
4.04.1992;2.7;4
5.04.1992;3.5;6
6.04.1992;1.8;5
7.04.1992;2.2;4
8.04.1992;5.6;4
9.04.1992;4.2;7.5
10.04.1992;1.8;6
11.04.1992;3.8;5
12.04.1992;7.7;6
13.04.1992;4.6;8.4
14.04.1992;3.6;5.5
15.04.1992;2.6;4.5
16.04.1992;3;5
17.04.1992;5.6;4
18.04.1992;3.2;7
19.04.1992;2.8;4.5
20.04.1992;4.9;2.2
21.04.1992;2.4;7
22.04.1992;3.1;4.5
23.04.1992;3.1;4.8
24.04.1992;3.6;5
25.04.1992;2.9;5.6
26.04.1992;3.8;4.5
27.04.1992;4.3;8
28.04.1992;2.6;6
29.04.1992;4.2;8
30.04.1992;3;9
1.05.1992;2.6;8
2.05.1992;2.5;8
3.05.1992;3.4;10
4.05.1992;4.3;9
5.05.1992;2.3;8
6.05.1992;1.9;7
7.05.1992;5.9;2
8.05.1992;2;6.6
9.05.1992;3;3.7
10.05.1992;2;3.3
11.05.1992;2.1;5.5
12.05.1992;2.2;4
13.05.1992;2.6;6
14.05.1992;3.5;7.2
15.05.1992;3.9;9
16.05.1992;2.4;8
17.05.1992;4.3;8.4
18.05.1992;4.5;6.3
19.05.1992;2.8;7.5
20.05.1992;3.8;6.5
21.05.1992;3.2;8
22.05.1992;3;8
23.05.1992;2.6;11
24.05.1992;2.3;7
25.05.1992;1.9;5
26.05.1992;2.8;8.6
27.05.1992;2.4;8
28.05.1992;4.8;10
29.05.1992;4.3;10
30.05.1992;3.1;8
31.05.1992;1.5;7
1.06.1992;2.1;6
2.06.1992;3.3;7.5
3.06.1992;4.2;8.5
4.06.1992;3.7;9
5.06.1992;3;12.2
6.06.1992;2.8;9
7.06.1992;3.1;6
8.06.1992;2.3;9.5
9.06.1992;1.8;11
10.06.1992;3.1;8
11.06.1992;3.2;8
12.06.1992;3.7;8
13.06.1992;4.6;12
14.06.1992;5.2;10
15.06.1992;2.7;14
16.06.1992;2.6;15.3
17.06.1992;1.8;4
18.06.1992;2.2;7
19.06.1992;3.4;6.3
20.06.1992;2.4;7.5
21.06.1992;5.1;10
22.06.1992;2.5;11
23.06.1992;3.5;8
24.06.1992;4.2;10.5
25.06.1992;3.4;11
26.06.1992;2.7;12
27.06.1992;3.1;11.5
28.06.1992;3.6;10
29.06.1992;4.4;9
30.06.1992;3.3;9
1.07.1992;4.2;7.5
2.07.1992;4.7;9
3.07.1992;3;12
4.07.1992;3.7;10
5.07.1992;3.5;13
6.07.1992;2.9;10
7.07.1992;3.5;11
8.07.1992;3.5;12
9.07.1992;3;12
10.07.1992;3.7;14
11.07.1992;2.8;13
12.07.1992;3.2;11
13.07.1992;4.1;12
14.07.1992;3.2;10
15.07.1992;2.9;9
16.07.1992;2.8;7
17.07.1992;3.8;8
18.07.1992;4.8;12
19.07.1992;4.3;11
20.07.1992;3.6;12
21.07.1992;2.7;9
22.07.1992;2.2;11
23.07.1992;3.7;10
24.07.1992;4.6;8
25.07.1992;3.8;10
26.07.1992;4.2;9
27.07.1992;4.3;11
28.07.1992;5.5;11
29.07.1992;4.1;12
30.07.1992;4;11
31.07.1992;4.6;14
1.08.1992;3.8;12
2.08.1992;5.8;12
3.08.1992;4.6;8
4.08.1992;3.4;11
5.08.1992;3.9;12
6.08.1992;4;10
7.08.1992;3.9;12
8.08.1992;5;12
9.08.1992;5.7;18
10.08.1992;4;18
11.08.1992;4.2;14
12.08.1992;4.2;11
13.08.1992;3.1;16
14.08.1992;4.4;12
15.08.1992;2.8;9
16.08.1992;2;7
17.08.1992;3.2;9
18.08.1992;5.6;9
19.08.1992;3.4;10
20.08.1992;2.8;10
21.08.1992;3.5;10
22.08.1992;1.7;9.5
23.08.1992;2;9.2
24.08.1992;2.8;12.2
25.08.1992;2.4;8.8
26.08.1992;3;6
27.08.1992;3.7;9
28.08.1992;4.4;11
29.08.1992;3;10
30.08.1992;1.6;9
31.08.1992;3.3;8.5
1.09.1992;3.6;10
2.09.1992;3.3;7.6
3.09.1992;4;10
4.09.1992;2.9;10
5.09.1992;3;11
6.09.1992;2.8;10.2
7.09.1992;3.4;9
8.09.1992;2.9;10
9.09.1992;2.8;7
10.09.1992;4;9.5
11.09.1992;4.1;10
12.09.1992;3.3;11
13.09.1992;3.4;10
14.09.1992;3.2;9
15.09.1992;3.1;8
16.09.1992;4.4;8
17.09.1992;4.2;10
18.09.1992;4.3;9
19.09.1992;4;9
20.09.1992;3.4;10
21.09.1992;2.4;8
22.09.1992;3;7.5
23.09.1992;3.3;6
24.09.1992;3.6;8
25.09.1992;2.3;6
26.09.1992;3.8;8
27.09.1992;4.5;8
28.09.1992;3.6;7.5
29.09.1992;3.9;7
30.09.1992;3.6;8
1.10.1992;3.5;8.5
2.10.1992;2.4;8
3.10.1992;2.8;6
4.10.1992;3.2;5
5.10.1992;3.8;6
6.10.1992;3.7;8
7.10.1992;4.1;8.5
8.10.1992;5.7;10
9.10.1992;3;12
10.10.1992;2.5;8
11.10.1992;2.2;6
12.10.1992;2.8;5
13.10.1992;4.1;6
14.10.1992;3.5;7
15.10.1992;2.1;7
16.10.1992;2.6;5
17.10.1992;4.7;5
18.10.1992;4;6
19.10.1992;4.1;7.3
20.10.1992;2.4;6
21.10.1992;2.7;4
22.10.1992;2.6;5
23.10.1992;2.3;6
24.10.1992;2.5;3
25.10.1992;3.8;5
26.10.1992;3;8
27.10.1992;2.4;4.2
28.10.1992;2;4
29.10.1992;2.2;2
30.10.1992;2.9;4
31.10.1992;3.4;4
1.11.1992;4.3;6
2.11.1992;4;9
3.11.1992;3.2;10
4.11.1992;2.4;8
5.11.1992;1.9;6
6.11.1992;5.1;4
7.11.1992;5.7;8
8.11.1992;2.2;6
9.11.1992;2.6;5
10.11.1992;0.8;4
11.11.1992;0.8;5
12.11.1992;0.9;5
13.11.1992;1;1
14.11.1992;2.9;4.2
15.11.1992;1.4;2.8
16.11.1992;0.6;3
17.11.1992;1.3;2
18.11.1992;2.2;4
19.11.1992;3;4.3
20.11.1992;4.8;2.4
21.11.1992;3.6;5.3
22.11.1992;5.4;4.9
23.11.1992;1.9;2.9
24.11.1992;9.6;6
25.11.1992;7.5;7
26.11.1992;2.7;5
27.11.1992;1.8;3
28.11.1992;1.4;1.4
29.11.1992;3.1;0
30.11.1992;2.2;2
1.12.1992;4.8;0.2
2.12.1992;7.7;2
3.12.1992;3.1;2.5
4.12.1992;1.8;2
5.12.1992;3;2
6.12.1992;1.6;1.5
7.12.1992;2.5;1
8.12.1992;1.6;2
9.12.1992;1.7;2
10.12.1992;2.1;3
11.12.1992;2.3;2
12.12.1992;2.7;2
13.12.1992;2.2;1.4
14.12.1992;2.6;2.8
15.12.1992;3.3;1.5
16.12.1992;2.1;1.7
17.12.1992;2.1;2
18.12.1992;1.9;1
19.12.1992;3;2
20.12.1992;2.3;1.5
21.12.1992;3.8;2
22.12.1992;3.3;4
23.12.1992;2.1;2
24.12.1992;5;2
25.12.1992;5.3;1
26.12.1992;2.9;6
27.12.1992;1.4;1.8
28.12.1992;3.1;2
29.12.1992;4;1
30.12.1992;2;2
31.12.1992;2.1;1
1.01.1993;3.8;1.5
2.01.1993;4.1;2
3.01.1993;3.1;0.3
4.01.1993;2.4;1
5.01.1993;4.7;2
6.01.1993;4.8;4.5
7.01.1993;5.2;2
8.01.1993;2;1.7
9.01.1993;2.4;1.5
10.01.1993;5.4;2
11.01.1993;4.1;1.1
12.01.1993;3;2
13.01.1993;4.1;2
14.01.1993;2.8;2.5
15.01.1993;2.8;2
16.01.1993;4.7;1.9
17.01.1993;2.8;3.5
18.01.1993;3.5;3
19.01.1993;2.9;4
20.01.1993;2.2;3
21.01.1993;3.3;2
22.01.1993;2.5;3
23.01.1993;2.7;3
24.01.1993;4.2;2
25.01.1993;2;1.2
26.01.1993;3;2
27.01.1993;3.3;3
28.01.1993;5;1
29.01.1993;2.9;2
30.01.1993;1.7;3
31.01.1993;3.9;2.4
1.02.1993;7.7;2
2.02.1993;6.3;3
3.02.1993;5.2;3
4.02.1993;4.3;4
5.02.1993;3.1;4
6.02.1993;3.7;3
7.02.1993;2.1;3
8.02.1993;5.2;2
9.02.1993;7.2;2.7
10.02.1993;5.4;0.8
11.02.1993;2.5;3.3
12.02.1993;3.6;3.5
13.02.1993;4.7;3.5
14.02.1993;3.4;3
15.02.1993;1.5;2.5
16.02.1993;2;1.2
17.02.1993;3.1;1.7
18.02.1993;1.4;2
19.02.1993;0.9;1.1
20.02.1993;1;0.7
21.02.1993;2.5;1.6
22.02.1993;2.8;2
23.02.1993;6.3;4.6
24.02.1993;2.4;3.7
25.02.1993;3.1;2
26.02.1993;4;3
27.02.1993;4;3
28.02.1993;1.7;4
1.03.1993;2.2;2
2.03.1993;3.3;3
3.03.1993;2.9;4
4.03.1993;4;4
5.03.1993;6.4;2.8
6.03.1993;2.9;3
7.03.1993;2.8;2
8.03.1993;1.8;2.3
9.03.1993;4.6;2
10.03.1993;5;2.2
11.03.1993;3.5;4
12.03.1993;1.7;2.3
13.03.1993;2.5;3
14.03.1993;2.6;2
15.03.1993;2.9;3
16.03.1993;2.7;2
17.03.1993;3.6;3
18.03.1993;2.8;2.9
19.03.1993;2.6;3
20.03.1993;3.8;3
21.03.1993;3.4;3
22.03.1993;2.9;5
23.03.1993;2.5;3.8
24.03.1993;3;3
25.03.1993;4;4
26.03.1993;2.6;5
27.03.1993;2.4;4.2
28.03.1993;3.6;5.5
29.03.1993;2.6;3
30.03.1993;3;3
31.03.1993;3.4;4
1.04.1993;5.1;3.4
2.04.1993;3.6;6
3.04.1993;2.6;4
4.04.1993;3.2;4
5.04.1993;4.8;4
6.04.1993;3.5;5
7.04.1993;3.3;4.5
8.04.1993;2.1;5
9.04.1993;2.2;3
10.04.1993;3.7;2
11.04.1993;3.8;4
12.04.1993;3.4;6
13.04.1993;2.4;3
14.04.1993;1.9;4
15.04.1993;1.8;6
16.04.1993;1.6;6
17.04.1993;2.3;4
18.04.1993;3.3;3
19.04.1993;5.5;3.8
20.04.1993;4.5;4
21.04.1993;3.1;9
22.04.1993;3.4;6
23.04.1993;3.1;6.5
24.04.1993;3.7;8.5
25.04.1993;2.8;6.1
26.04.1993;2.5;6
27.04.1993;2.4;3.3
28.04.1993;2.4;5
29.04.1993;2.5;4
30.04.1993;2.8;4
1.05.1993;3.6;8
2.05.1993;3.2;10.8
3.05.1993;2.8;4.5
4.05.1993;3.1;5
5.05.1993;3.5;6.7
6.05.1993;3;2.3
7.05.1993;3.1;3
8.05.1993;4.2;4
9.05.1993;4;5.7
10.05.1993;2;5.5
11.05.1993;1.6;3
12.05.1993;1.8;3.9
13.05.1993;1.8;3.3
14.05.1993;3.6;2.2
15.05.1993;2.2;1.8
16.05.1993;5.2;4.1
17.05.1993;3.7;8
18.05.1993;2.1;8
19.05.1993;3.6;6
20.05.1993;3.5;4
21.05.1993;2.6;6.5
22.05.1993;1.8;5.7
23.05.1993;2.6;6
24.05.1993;1.8;7
25.05.1993;2.7;5.5
26.05.1993;2.5;4.5
27.05.1993;2.6;4.5
28.05.1993;3.2;6
29.05.1993;3.9;8
30.05.1993;4.7;7
31.05.1993;4.9;12.2
1.06.1993;2.8;14
2.06.1993;2.4;6
3.06.1993;3.6;7
4.06.1993;2.5;15
5.06.1993;3.4;8
6.06.1993;2.8;9
7.06.1993;3.4;4.8
8.06.1993;3.3;8
9.06.1993;3.2;10
10.06.1993;4;8
11.06.1993;3.7;8
12.06.1993;4.2;13
13.06.1993;4.2;15
14.06.1993;3.6;10
15.06.1993;5.3;11
16.06.1993;5.8;16
17.06.1993;3.8;14
18.06.1993;3.7;12
19.06.1993;2.9;7
20.06.1993;4;8
21.06.1993;3.9;13
22.06.1993;4.2;11
23.06.1993;4.5;17
24.06.1993;5.4;13
25.06.1993;4.2;16
26.06.1993;3.4;13
27.06.1993;3.1;13
28.06.1993;2.2;11
29.06.1993;3.6;6
30.06.1993;3.8;8
1.07.1993;3.4;11
2.07.1993;2.4;10
3.07.1993;3.9;12
4.07.1993;4.2;13
5.07.1993;4.2;14
6.07.1993;4.3;16
7.07.1993;4.1;13
8.07.1993;4.4;16
9.07.1993;2.9;15
10.07.1993;3.7;8.2
11.07.1993;4.7;10
12.07.1993;5.2;13
13.07.1993;3.9;16
14.07.1993;4.4;15
15.07.1993;3.8;11
16.07.1993;4.4;12
17.07.1993;4.6;12
18.07.1993;5;13
19.07.1993;4.4;14
20.07.1993;3.1;14
21.07.1993;3.7;12.5
22.07.1993;3.7;12
23.07.1993;3.2;12
24.07.1993;2.7;9
25.07.1993;2.7;9
26.07.1993;3.5;7
27.07.1993;3.1;10
28.07.1993;3.3;10
29.07.1993;3;13
30.07.1993;3.7;10
31.07.1993;4.4;13
1.08.1993;4.9;15
2.08.1993;3.3;15
3.08.1993;3.8;12
4.08.1993;3.8;12
5.08.1993;4.2;12
6.08.1993;3.2;16
7.08.1993;2.7;15
8.08.1993;3.1;12
9.08.1993;3.2;10
10.08.1993;4.6;7
11.08.1993;3.7;12
12.08.1993;3.1;9
13.08.1993;3.3;8
14.08.1993;4.1;10
15.08.1993;4.6;11
16.08.1993;5.4;12
17.08.1993;5.2;12
18.08.1993;5;15
19.08.1993;5;10.5
20.08.1993;3.1;10
21.08.1993;4;10
22.08.1993;3.3;11
23.08.1993;4.4;9
24.08.1993;5.2;10.5
25.08.1993;2.3;10
26.08.1993;2.2;9
27.08.1993;2.3;9.5
28.08.1993;2;9
29.08.1993;2.9;8
30.08.1993;2.8;9
31.08.1993;3.2;10.5
1.09.1993;5.6;12
2.09.1993;3;11
3.09.1993;3.2;10
4.09.1993;3.5;8
5.09.1993;3.8;8.5
6.09.1993;4.7;9
7.09.1993;5.1;13
8.09.1993;3.6;12
9.09.1993;4.2;10
10.09.1993;3.2;9
11.09.1993;3.2;8
12.09.1993;2.6;11
13.09.1993;2.9;11
14.09.1993;3.2;10
15.09.1993;3.2;9
16.09.1993;3.9;8
17.09.1993;4.3;10
18.09.1993;4.8;14.5
19.09.1993;4;12
20.09.1993;3.7;10
21.09.1993;6.6;9
22.09.1993;6.2;13
23.09.1993;3.9;11
24.09.1993;4;11
25.09.1993;2.8;7
26.09.1993;2.6;9
27.09.1993;3.2;8
28.09.1993;3;12
29.09.1993;2.6;9
30.09.1993;3;7
1.10.1993;3.4;8
2.10.1993;1.7;8
3.10.1993;2.6;6.5
4.10.1993;2.4;6
5.10.1993;3.9;5
6.10.1993;3.5;6
7.10.1993;2.3;8
8.10.1993;2.7;4.5
9.10.1993;3.2;7
10.10.1993;3.7;9
11.10.1993;3.6;10
12.10.1993;3.6;10
13.10.1993;3.9;10
14.10.1993;4.3;6
15.10.1993;4;11
16.10.1993;4;9
17.10.1993;3.2;10
18.10.1993;4.2;9
19.10.1993;3.8;10
20.10.1993;4.2;12
21.10.1993;2.6;9
22.10.1993;1.8;6
23.10.1993;3.7;7
24.10.1993;3.2;5
25.10.1993;2.7;8
26.10.1993;3.4;7
27.10.1993;4;8
28.10.1993;4.2;4
29.10.1993;2.4;10
30.10.1993;2.6;8
31.10.1993;5.3;6
1.11.1993;3.1;9.9
2.11.1993;2.3;9
3.11.1993;2.1;9
4.11.1993;3;5
5.11.1993;1.9;3
6.11.1993;2;4
7.11.1993;2.5;4
8.11.1993;3.5;6
9.11.1993;5;2
10.11.1993;8.2;3
11.11.1993;5.4;4
12.11.1993;7.7;6.8
13.11.1993;3.7;7
14.11.1993;2.7;5
15.11.1993;4.7;4
16.11.1993;2.1;4
17.11.1993;2.3;1
18.11.1993;2.8;4
19.11.1993;2.6;1
20.11.1993;4.2;4
21.11.1993;3.2;1.5
22.11.1993;2.7;2.5
23.11.1993;2.4;3
24.11.1993;1.8;4
25.11.1993;2.6;4
26.11.1993;2.7;2.5
27.11.1993;5;5
28.11.1993;1.9;5
29.11.1993;2.6;3
30.11.1993;4;1.4
1.12.1993;3.1;2
2.12.1993;2.1;1
3.12.1993;2.1;5
4.12.1993;2.6;1
5.12.1993;1.8;2
6.12.1993;3.3;2
7.12.1993;2.8;5
8.12.1993;2.7;2
9.12.1993;3.2;3
10.12.1993;2.3;3
11.12.1993;2.7;2
12.12.1993;2;2
13.12.1993;5.4;2
14.12.1993;4.8;3.2
15.12.1993;2.2;2
16.12.1993;1.8;3
17.12.1993;2.6;2
18.12.1993;2.5;2
19.12.1993;3.7;2
20.12.1993;2.9;3
21.12.1993;3;3
22.12.1993;2.8;3
23.12.1993;3;3
24.12.1993;1.9;2
25.12.1993;1.1;1
26.12.1993;2.3;2
27.12.1993;2.2;1
28.12.1993;1.6;1
29.12.1993;2.3;1
30.12.1993;1.7;1
31.12.1993;2.2;1
1.01.1994;2.6;1.2
2.01.1994;2.4;1
3.01.1994;4.7;1
4.01.1994;3.8;2.7
5.01.1994;2.4;2.4
6.01.1994;1.9;2
7.01.1994;2.5;1
8.01.1994;2.1;2
9.01.1994;3.3;2
10.01.1994;2;2
11.01.1994;2.8;1
12.01.1994;1.9;1.2
13.01.1994;5.1;1
14.01.1994;3.8;2
15.01.1994;2.6;4
16.01.1994;3.1;2
17.01.1994;2;2
18.01.1994;2.2;2
19.01.1994;2.1;1
20.01.1994;2.5;2
21.01.1994;1.9;1
22.01.1994;3.1;1
23.01.1994;2.6;1.8
24.01.1994;1.8;2
25.01.1994;2.4;2.1
26.01.1994;2.8;3
27.01.1994;2.1;2
28.01.1994;3.9;0.3
29.01.1994;3.1;2.5
30.01.1994;3.2;1.2
31.01.1994;2.7;2.3
1.02.1994;4.7;0.2
2.02.1994;1.8;3
3.02.1994;1.8;2
4.02.1994;1.3;2
5.02.1994;2.3;1.7
6.02.1994;2.2;2.5
7.02.1994;4;2
8.02.1994;2.2;2.4
9.02.1994;2.1;1.6
10.02.1994;2.4;2.2
11.02.1994;2.5;1.4
12.02.1994;2.8;1.8
13.02.1994;4.4;1.2
14.02.1994;4.5;2.5
15.02.1994;5.5;2
16.02.1994;4.4;2.7
17.02.1994;1.9;2
18.02.1994;1.4;2
19.02.1994;2.7;2
20.02.1994;3.2;3
21.02.1994;2.3;2
22.02.1994;1.7;1.6
23.02.1994;3;1.9
24.02.1994;2.4;2
25.02.1994;4.5;1.1
26.02.1994;4.3;3
27.02.1994;6.1;3
28.02.1994;3.7;5.5
1.03.1994;2.3;4
2.03.1994;2.7;2.5
3.03.1994;2.4;3
4.03.1994;1.4;2
5.03.1994;3.5;3
6.03.1994;4.5;3.2
7.03.1994;3.5;3.9
8.03.1994;2.3;4
9.03.1994;2.9;2
10.03.1994;3.2;2
11.03.1994;4.4;1.5
12.03.1994;4.4;2.8
13.03.1994;4;2.2
14.03.1994;3.2;3
15.03.1994;3.9;4
16.03.1994;2.6;3
17.03.1994;1.6;3
18.03.1994;2.2;2
19.03.1994;3.2;1
20.03.1994;2.9;3
21.03.1994;3.4;3
22.03.1994;2.5;5
23.03.1994;2.9;3
24.03.1994;2.5;2.5
25.03.1994;3.3;4
26.03.1994;4;4
27.03.1994;1.9;3
28.03.1994;1.7;4
29.03.1994;2.1;2
30.03.1994;3.3;3
31.03.1994;2.8;2.5
1.04.1994;6.6;2.5
2.04.1994;5.7;4
3.04.1994;2.4;7
4.04.1994;2.7;4.5
5.04.1994;3.7;4
6.04.1994;5.2;5
7.04.1994;3.4;6
8.04.1994;3.8;5.8
9.04.1994;3.2;7
10.04.1994;4.6;4
11.04.1994;2.7;6
12.04.1994;3.7;7
13.04.1994;3.9;7
14.04.1994;3.9;8
15.04.1994;3.3;8
16.04.1994;2.6;9
17.04.1994;1.4;4
18.04.1994;1.9;4
19.04.1994;2.9;5
20.04.1994;4.6;7
21.04.1994;2.4;11
22.04.1994;3.9;8
23.04.1994;6.4;6
24.04.1994;2.2;8
25.04.1994;2.8;5
26.04.1994;3.2;4
27.04.1994;3.7;4.2
28.04.1994;3.7;7
29.04.1994;5;12
30.04.1994;4.4;6.3
1.05.1994;2.8;6
2.05.1994;1.8;6
3.05.1994;2.8;4
4.05.1994;3.9;2.3
5.05.1994;4.1;5
6.05.1994;3.1;5.2
7.05.1994;2.8;6.5
8.05.1994;4.3;5.4
9.05.1994;3.4;5
10.05.1994;2.3;6
11.05.1994;3.5;6
12.05.1994;5.5;7
13.05.1994;3.7;6
14.05.1994;3.6;6.1
15.05.1994;4.6;6
16.05.1994;3.6;12
17.05.1994;3.6;10
18.05.1994;4.7;12
19.05.1994;4.2;15
20.05.1994;3.2;11
21.05.1994;4.9;14
22.05.1994;3.2;10
23.05.1994;2.6;11
24.05.1994;4;12
25.05.1994;3.6;10
26.05.1994;2.3;13
27.05.1994;2.2;11
28.05.1994;1.9;10
29.05.1994;3;8.4
30.05.1994;3.5;10
31.05.1994;3;10
1.06.1994;3.6;8
2.06.1994;3.8;7.1
3.06.1994;4.7;8
4.06.1994;4.7;8
5.06.1994;3.2;12
6.06.1994;2.9;12
7.06.1994;2.5;12
8.06.1994;4.1;9
9.06.1994;3.3;9
10.06.1994;3.8;9
11.06.1994;3.4;8
12.06.1994;3.6;10
13.06.1994;3.1;10
14.06.1994;3.4;9.5
15.06.1994;4.7;11
16.06.1994;8.7;17
17.06.1994;4.1;10
18.06.1994;3.6;9
19.06.1994;3.7;13
20.06.1994;3.6;14
21.06.1994;5.1;12
22.06.1994;3.2;13
23.06.1994;2.4;8
24.06.1994;2.7;8
25.06.1994;3.3;10
26.06.1994;5.6;13
27.06.1994;7.7;12
28.06.1994;3.8;22.5
29.06.1994;3.8;16
30.06.1994;3.3;12
1.07.1994;4.7;11
2.07.1994;5.5;17
3.07.1994;4.7;11
4.07.1994;2.7;14
5.07.1994;3.5;12
6.07.1994;3.6;11
7.07.1994;4.4;11
8.07.1994;4.4;12
9.07.1994;3.5;12.5
10.07.1994;3;11
11.07.1994;3.3;10
12.07.1994;5.8;10
13.07.1994;4;13
14.07.1994;3.1;10
15.07.1994;2.4;8
16.07.1994;2.6;10
17.07.1994;2.9;9
18.07.1994;2.9;6.6
19.07.1994;3;8
20.07.1994;4.2;9.8
21.07.1994;5.2;11
22.07.1994;4.9;15.2
23.07.1994;4.8;13.5
24.07.1994;4.4;10
25.07.1994;5;10
26.07.1994;3.5;16
27.07.1994;3.8;11
28.07.1994;4.1;10
29.07.1994;5;7
30.07.1994;2.7;9
31.07.1994;3.1;9
1.08.1994;3.2;12
2.08.1994;4.1;8
3.08.1994;4.2;12
4.08.1994;5;11
5.08.1994;4.3;15
6.08.1994;3;13
7.08.1994;4;11
8.08.1994;4.1;10
9.08.1994;4.6;11
10.08.1994;4.2;12
11.08.1994;4.2;16
12.08.1994;3.6;10
13.08.1994;3.4;10
14.08.1994;2.4;8
15.08.1994;3.1;16
16.08.1994;4.2;15
17.08.1994;4.2;14.5
18.08.1994;3.2;12
19.08.1994;3.8;11
20.08.1994;2.7;8
21.08.1994;3.4;7
22.08.1994;4;10
23.08.1994;4.8;13
24.08.1994;4.1;8
25.08.1994;4.1;9
26.08.1994;3.4;11
27.08.1994;3.6;10.5
28.08.1994;4;13
29.08.1994;3.5;9
30.08.1994;3.5;8
31.08.1994;4.8;9
1.09.1994;4.4;12
2.09.1994;4.7;10
3.09.1994;4.8;11
4.09.1994;3.2;11
5.09.1994;3.6;12
6.09.1994;5.3;10
7.09.1994;2.8;11
8.09.1994;3.8;9
9.09.1994;4.3;12
10.09.1994;3.4;12.4
11.09.1994;4.4;12
12.09.1994;3.3;10
13.09.1994;3.3;7
14.09.1994;4.1;8
15.09.1994;4.4;11
16.09.1994;3.3;8
17.09.1994;2.5;8
18.09.1994;4.2;8
19.09.1994;2.3;11
20.09.1994;3.4;9
21.09.1994;3.6;7
22.09.1994;2.8;8
23.09.1994;3;8
24.09.1994;3.8;9
25.09.1994;3.7;8
26.09.1994;3;8
27.09.1994;3.3;8
28.09.1994;2;2.2
29.09.1994;2.2;4
30.09.1994;3.7;7
1.10.1994;3.1;7
2.10.1994;2.2;6
3.10.1994;2.9;7
4.10.1994;3.2;12
5.10.1994;3.8;10
6.10.1994;3.4;8
7.10.1994;2.1;7.5
8.10.1994;3;5
9.10.1994;2.8;8
10.10.1994;3.4;6.8
11.10.1994;3;7.2
12.10.1994;2.9;8
13.10.1994;2.9;9.5
14.10.1994;3;6
15.10.1994;2.8;5
16.10.1994;4;4
17.10.1994;2.2;5
18.10.1994;2.9;3
19.10.1994;2.6;3
20.10.1994;2.6;4.8
21.10.1994;3.2;2.8
22.10.1994;2.6;2
23.10.1994;2.8;6
24.10.1994;1.5;3
25.10.1994;2.1;2
26.10.1994;2.7;2.6
27.10.1994;2.9;5
28.10.1994;2.6;3
29.10.1994;3.5;3
30.10.1994;3.7;5
31.10.1994;3.4;4
1.11.1994;3.3;4
2.11.1994;2.6;4
3.11.1994;3.4;4
4.11.1994;2.9;3
5.11.1994;3.8;3.5
6.11.1994;9.3;7
7.11.1994;4.4;4.3
8.11.1994;1.8;7
9.11.1994;1.1;4
10.11.1994;2.3;2
11.11.1994;2.6;3.5
12.11.1994;1.1;4
13.11.1994;2.8;4
14.11.1994;1.5;2
15.11.1994;2.6;2
16.11.1994;1.7;1.8
17.11.1994;3.5;1.8
18.11.1994;3;1.2
19.11.1994;3.5;2
20.11.1994;2.9;2.2
21.11.1994;6.2;1
22.11.1994;3.3;2.6
23.11.1994;6.6;4.2
24.11.1994;5;4
25.11.1994;4.1;4
26.11.1994;2.4;3
27.11.1994;4.1;2
28.11.1994;1.3;3
29.11.1994;3.7;2
30.11.1994;4.3;1.2
1.12.1994;2.3;2
2.12.1994;5.6;2.4
3.12.1994;8.5;1.8
4.12.1994;5.9;4.2
5.12.1994;2.6;5
6.12.1994;1.4;4
7.12.1994;1.3;2
8.12.1994;1.2;2
9.12.1994;1.6;1
10.12.1994;1;2
11.12.1994;1.4;1.3
12.12.1994;4;1.6
13.12.1994;1.8;1
14.12.1994;1.3;1
15.12.1994;1.8;2
16.12.1994;4.3;1.1
17.12.1994;2.8;3.7
18.12.1994;1.6;2
19.12.1994;4.1;1.5
20.12.1994;2.5;1.7
21.12.1994;1.2;1
22.12.1994;2.5;2
23.12.1994;1.4;1
24.12.1994;1.5;2
25.12.1994;2.1;2
26.12.1994;2.4;1
27.12.1994;5.2;1
28.12.1994;2.1;2.2
29.12.1994;2.8;2
30.12.1994;2.8;1
31.12.1994;0.9;1.1
1.01.1995;1;1.5
2.01.1995;0.5;1
3.01.1995;0.7;2
4.01.1995;1.1;1
5.01.1995;1.1;1.5
6.01.1995;2.1;1
7.01.1995;2.3;2
8.01.1995;3.6;1
9.01.1995;2.2;2.4
10.01.1995;2.7;1
11.01.1995;2;1.3
12.01.1995;3.5;3.6
13.01.1995;4.9;1.4
14.01.1995;2.1;3
15.01.1995;3.1;2
16.01.1995;2;3
17.01.1995;2.6;2
18.01.1995;3.9;1.5
19.01.1995;3.9;2
20.01.1995;1.3;3
21.01.1995;0.5;0.5
22.01.1995;1.7;1.4
23.01.1995;1.5;1.5
24.01.1995;1.2;1
25.01.1995;2.2;1
26.01.1995;1.7;0.5
27.01.1995;2.4;1
28.01.1995;3;1
29.01.1995;1.4;1.5
30.01.1995;0.7;1.4
31.01.1995;2.3;1.5
1.02.1995;2.6;1
2.02.1995;3.5;1.5
3.02.1995;2.3;3
4.02.1995;3.9;2
5.02.1995;3.1;2.3
6.02.1995;2.1;2
7.02.1995;2.6;2.7
8.02.1995;4.2;1.8
9.02.1995;2.1;3
10.02.1995;1.3;2
11.02.1995;2;2
12.02.1995;2.8;1.5
13.02.1995;3.3;1
14.02.1995;3.2;2
15.02.1995;3.2;3.5
16.02.1995;2.8;3
17.02.1995;1.8;2.1
18.02.1995;2.2;2.1
19.02.1995;2.8;2
20.02.1995;2.5;2
21.02.1995;1.7;2.6
22.02.1995;4.1;2.9
23.02.1995;3.2;3
24.02.1995;2.1;4
25.02.1995;2.6;4
26.02.1995;3.9;2
27.02.1995;2.4;1.6
28.02.1995;2.5;3.5
1.03.1995;2.9;4
2.03.1995;3;4
3.03.1995;2.1;3.8
4.03.1995;2.4;3
5.03.1995;3;6
6.03.1995;3.8;5
7.03.1995;4.4;4.7
8.03.1995;4.2;5
9.03.1995;2.8;3
10.03.1995;3.1;3
11.03.1995;3.4;5
12.03.1995;3.7;2
13.03.1995;2.6;5.1
14.03.1995;3.2;3.4
15.03.1995;3.2;1.6
16.03.1995;6;3.8
17.03.1995;4.3;4
18.03.1995;2;6.6
19.03.1995;2.6;2
20.03.1995;2.4;4.5
21.03.1995;2.3;2
22.03.1995;2.9;4.1
23.03.1995;3.1;3
24.03.1995;2.8;3.6
25.03.1995;5.9;4.2
26.03.1995;4.5;4
27.03.1995;2.9;5
28.03.1995;2.4;5
29.03.1995;2.3;4
30.03.1995;3.9;2
31.03.1995;3.8;2
1.04.1995;4.5;3.6
2.04.1995;4.3;4.6
3.04.1995;2.6;6
4.04.1995;3.5;3.4
5.04.1995;3;4
6.04.1995;2.3;6.6
7.04.1995;2.5;5
8.04.1995;3.2;5
9.04.1995;3.3;4
10.04.1995;5.4;5.4
11.04.1995;4.2;7
12.04.1995;2.4;5.5
13.04.1995;2.4;2.5
14.04.1995;6.5;3.5
15.04.1995;2.8;9
16.04.1995;2.3;5
17.04.1995;2.5;5
18.04.1995;4.1;3.8
19.04.1995;5.2;4.8
20.04.1995;2.7;8
21.04.1995;3.3;6
22.04.1995;3.2;4
23.04.1995;3.9;9
24.04.1995;3;7.8
25.04.1995;3.1;5
26.04.1995;2.6;5.8
27.04.1995;2.4;6
28.04.1995;3.8;7
29.04.1995;2.8;5
30.04.1995;2.7;8
1.05.1995;3.5;6
2.05.1995;5.4;7
3.05.1995;3.2;8.4
4.05.1995;2;5
5.05.1995;2.5;3.6
6.05.1995;2.4;4.3
7.05.1995;4.7;3.7
8.05.1995;3.6;6
9.05.1995;2.6;6
10.05.1995;2.2;6
11.05.1995;2;6
12.05.1995;2.7;5.5
13.05.1995;3.6;8.4
14.05.1995;4.4;10
15.05.1995;4.5;11
16.05.1995;3.4;11
17.05.1995;3;6
18.05.1995;3.7;8.2
19.05.1995;3.2;9
20.05.1995;2.9;9
21.05.1995;3;9.5
22.05.1995;3.5;10
23.05.1995;3.5;17
24.05.1995;5.6;14
25.05.1995;4;16.2
26.05.1995;3.3;10.5
27.05.1995;3.4;9.5
28.05.1995;3;9
29.05.1995;3.1;11
30.05.1995;3.8;8.8
31.05.1995;3.1;9
1.06.1995;3.2;8
2.06.1995;2.9;8
3.06.1995;2.7;7
4.06.1995;2.8;11
5.06.1995;2.4;7
6.06.1995;1.8;8
7.06.1995;2.2;7.5
8.06.1995;3.8;8
9.06.1995;5.4;8
10.06.1995;3.8;15
11.06.1995;2.5;10
12.06.1995;2.7;10
13.06.1995;4.5;11
14.06.1995;4.5;13
15.06.1995;4.3;13
16.06.1995;4.5;10
17.06.1995;3.2;11
18.06.1995;2.2;11
19.06.1995;3.3;9.2
20.06.1995;4.7;11
21.06.1995;5.6;17
22.06.1995;3.9;17.2
23.06.1995;3.8;12
24.06.1995;4.4;14
25.06.1995;3;11
26.06.1995;2.6;9.2
27.06.1995;3.4;12
28.06.1995;6.9;11
29.06.1995;8.6;17.8
30.06.1995;3;14
1.07.1995;4.5;12
2.07.1995;2.8;12
3.07.1995;2.2;8
4.07.1995;4.5;8
5.07.1995;4.7;15
6.07.1995;3.1;14
7.07.1995;4.9;16
8.07.1995;5;14
9.07.1995;2.8;12
10.07.1995;3.9;8.6
11.07.1995;2.8;10
12.07.1995;3.4;10.1
13.07.1995;3.2;6
14.07.1995;3.7;8
15.07.1995;4.2;10
16.07.1995;4.1;8
17.07.1995;4.4;10
18.07.1995;4.3;12
19.07.1995;5.2;12
20.07.1995;5.3;14
21.07.1995;4.2;10
22.07.1995;3.7;12
23.07.1995;5;12
24.07.1995;3.5;14
25.07.1995;2.9;10
26.07.1995;4.2;9
27.07.1995;4.5;14
28.07.1995;3.8;13
29.07.1995;4.7;11
30.07.1995;4.2;14
31.07.1995;4.8;10
1.08.1995;4.1;14
2.08.1995;2.6;10
3.08.1995;2.9;10
4.08.1995;3.6;10
5.08.1995;3.8;10
6.08.1995;2.5;10
7.08.1995;2.3;9
8.08.1995;2.8;9.5
9.08.1995;4.6;10.3
10.08.1995;4.6;13
11.08.1995;3.9;10
12.08.1995;2.7;12
13.08.1995;3.8;12
14.08.1995;4.8;12
15.08.1995;5.5;10
16.08.1995;2.7;11
17.08.1995;3.7;13
18.08.1995;2.9;8
19.08.1995;2.2;8.2
20.08.1995;2.2;9
21.08.1995;2.6;9.5
22.08.1995;3;8
23.08.1995;2.4;7
24.08.1995;2.1;8
25.08.1995;2.4;8
26.08.1995;3.2;9
27.08.1995;3.5;10
28.08.1995;6.1;10
29.08.1995;6.3;14
30.08.1995;5.4;14
31.08.1995;3.7;8.4
1.09.1995;4.3;9
2.09.1995;3.6;11
3.09.1995;3.6;10
4.09.1995;1.9;7.8
5.09.1995;2.8;9
6.09.1995;2.6;9
7.09.1995;2.1;10
8.09.1995;6.4;8
9.09.1995;3.4;12
10.09.1995;2.8;10
11.09.1995;1.5;7
12.09.1995;3.9;8.8
13.09.1995;3.6;11
14.09.1995;2.8;9
15.09.1995;2.1;6
16.09.1995;2.7;6
17.09.1995;3.4;7.8
18.09.1995;2.8;8
19.09.1995;5.5;6
20.09.1995;3.8;14
21.09.1995;2.6;8
22.09.1995;4.1;6
23.09.1995;2.6;8
24.09.1995;4.8;6
25.09.1995;2.3;9.4
26.09.1995;3.7;8
27.09.1995;3.2;6
28.09.1995;6.2;8
29.09.1995;3.8;10.8
30.09.1995;4.8;8
1.10.1995;4.2;9
2.10.1995;4.7;7
3.10.1995;5.8;7.4
4.10.1995;3.6;8.4
5.10.1995;3.7;8
6.10.1995;2.8;7
7.10.1995;2.5;7
8.10.1995;3.5;6
9.10.1995;3.2;7
10.10.1995;4.1;8.5
11.10.1995;3.3;8
12.10.1995;3.3;7.7
13.10.1995;3.2;9
14.10.1995;3.6;7
15.10.1995;4;6
16.10.1995;2.9;6
17.10.1995;4.3;6
18.10.1995;3.6;6
19.10.1995;2.2;5.5
20.10.1995;2.6;5
21.10.1995;1.8;6
22.10.1995;2.2;6
23.10.1995;2.3;4.4
24.10.1995;1.9;4
25.10.1995;2.2;5
26.10.1995;3.1;5
27.10.1995;5.6;6
28.10.1995;3.9;5.5
29.10.1995;2.5;4
30.10.1995;2.9;3
31.10.1995;3.1;3.9
1.11.1995;3.1;3.5
2.11.1995;2.5;2
3.11.1995;2.4;2
4.11.1995;3.4;6
5.11.1995;3.7;2
6.11.1995;1.8;1.6
7.11.1995;3.7;2.5
8.11.1995;6.1;2.3
9.11.1995;4.3;4.4
10.11.1995;6.5;3.5
11.11.1995;2.5;5
12.11.1995;2.5;4
13.11.1995;1.6;3
14.11.1995;3.1;2
15.11.1995;2.1;4
16.11.1995;2.8;4
17.11.1995;3.4;4
18.11.1995;3.7;3.8
19.11.1995;4.5;4
20.11.1995;3.2;3.3
21.11.1995;3.4;1.4
22.11.1995;1.3;2.6
23.11.1995;3.3;0.1
24.11.1995;3.2;2.2
25.11.1995;1.5;2
26.11.1995;1.5;1
27.11.1995;1.9;2
28.11.1995;2.2;2
29.11.1995;1.5;1
30.11.1995;0.9;2
1.12.1995;2;2.2
2.12.1995;3.2;3
3.12.1995;2.6;3
4.12.1995;2.3;2.5
5.12.1995;1.7;3
6.12.1995;2;1
7.12.1995;1.3;2
8.12.1995;3.1;1
9.12.1995;4;3.2
10.12.1995;1.9;3.3
11.12.1995;2.8;1
12.12.1995;1.9;1
13.12.1995;2.5;3
14.12.1995;2.1;2
15.12.1995;2.4;1
16.12.1995;2.4;2
17.12.1995;2.6;2
18.12.1995;2.6;2
19.12.1995;2.8;2.5
20.12.1995;2.6;2.6
21.12.1995;2.1;3
22.12.1995;1.5;1
23.12.1995;2.2;1
24.12.1995;1.6;1
25.12.1995;1.9;2
26.12.1995;1.6;2
27.12.1995;1;2
28.12.1995;1.5;0.8
29.12.1995;2.5;2
30.12.1995;1.5;2
31.12.1995;2.1;1
1.01.1996;2.2;2
2.01.1996;1.7;1.2
3.01.1996;2.1;3
4.01.1996;2.8;0.4
5.01.1996;0.8;0.9
6.01.1996;5.2;1.5
7.01.1996;1.9;1.4
8.01.1996;0.6;1
9.01.1996;2.4;1
10.01.1996;2.2;1
11.01.1996;3.4;5.7
12.01.1996;3.5;3
13.01.1996;1.6;1.5
14.01.1996;2.4;1
15.01.1996;3.1;2
16.01.1996;2.1;2
17.01.1996;1.7;1
18.01.1996;2.6;0.8
19.01.1996;1.4;0.5
20.01.1996;1.4;0
21.01.1996;2.1;0.9
22.01.1996;1.5;1.2
23.01.1996;2.3;1
24.01.1996;2.1;1.6
25.01.1996;2.4;1
26.01.1996;2.9;2
27.01.1996;3.5;2
28.01.1996;2.1;1
29.01.1996;0.5;1.5
30.01.1996;2.2;0.8
31.01.1996;5.1;2
1.02.1996;3.4;2
2.02.1996;1.4;2
3.02.1996;1.4;3
4.02.1996;1.3;2
5.02.1996;2.9;1.5
6.02.1996;3.6;1
7.02.1996;3.1;2.4
8.02.1996;6.1;2.5
9.02.1996;3.1;2
10.02.1996;1.3;2.9
11.02.1996;1.8;1
12.02.1996;1;0.3
13.02.1996;3.3;1
14.02.1996;2.6;2
15.02.1996;1.8;2.3
16.02.1996;2.3;2.4
17.02.1996;1.8;1.6
18.02.1996;2;0.8
19.02.1996;2.7;1.2
20.02.1996;2;4
21.02.1996;4;2
22.02.1996;2.1;3
23.02.1996;2.2;2
24.02.1996;6.3;2
25.02.1996;4.4;3.4
26.02.1996;4.3;3.5
27.02.1996;4.9;4
28.02.1996;2.7;4
29.02.1996;2.7;3
1.03.1996;2.6;2
2.03.1996;5.3;3.3
3.03.1996;2.6;2.5
4.03.1996;1;2.4
5.03.1996;1.7;2.1
6.03.1996;3.9;2
7.03.1996;3.1;2.5
8.03.1996;1.5;3
9.03.1996;2.3;1.5
10.03.1996;2.2;1.6
11.03.1996;2.1;2
12.03.1996;2.3;2.5
13.03.1996;2.9;3
14.03.1996;1.3;3
15.03.1996;2.5;1.1
16.03.1996;2.6;3
17.03.1996;5.1;5
18.03.1996;7;3.8
19.03.1996;2.5;3
20.03.1996;3.2;3
21.03.1996;2.3;1
22.03.1996;2.3;2
23.03.1996;1.4;1.5
24.03.1996;1.9;3
25.03.1996;4.2;1.6
26.03.1996;2.2;3.2
27.03.1996;3.1;1.8
28.03.1996;3;4
29.03.1996;3.3;1
30.03.1996;3.2;2.2
31.03.1996;3.1;2
1.04.1996;1.5;4
2.04.1996;3.7;3
3.04.1996;2.6;7
4.04.1996;3.5;5.2
5.04.1996;3.7;7
6.04.1996;4.5;4
7.04.1996;2.1;6
8.04.1996;3.2;3.5
9.04.1996;3;2.5
10.04.1996;2.6;6
11.04.1996;3;6
12.04.1996;7.6;6.2
13.04.1996;4.4;5.8
14.04.1996;2.6;7
15.04.1996;2.8;5
16.04.1996;3.6;4.5
17.04.1996;4.5;5
18.04.1996;4.2;1
19.04.1996;2.6;4
20.04.1996;1.8;4
21.04.1996;4.9;1.9
22.04.1996;2.3;3
23.04.1996;2.9;3.6
24.04.1996;3.7;4
25.04.1996;4.1;3
26.04.1996;2.8;5.5
27.04.1996;4.1;4.5
28.04.1996;3.2;11
29.04.1996;4.1;9
30.04.1996;2.9;10
1.05.1996;2.8;5
2.05.1996;5.6;5
3.05.1996;2.2;9.5
4.05.1996;3;6
5.05.1996;2.8;8
6.05.1996;3.5;8.5
7.05.1996;3.8;10
8.05.1996;3.6;10
9.05.1996;3.6;13
10.05.1996;4.2;6.5
11.05.1996;2.2;7.2
12.05.1996;4.1;6.1
13.05.1996;4.7;8
14.05.1996;3.8;8
15.05.1996;5.3;8
16.05.1996;2.2;8
17.05.1996;1.8;6
18.05.1996;3.7;6
19.05.1996;2.8;8
20.05.1996;2.1;7
21.05.1996;2;8
22.05.1996;2.6;8
23.05.1996;3.8;9.5
24.05.1996;3.2;12
25.05.1996;3.8;9.7
26.05.1996;4.5;9
27.05.1996;3.2;11
28.05.1996;2.9;9
29.05.1996;2.7;8.5
30.05.1996;3.1;7
31.05.1996;3;7
1.06.1996;3.5;7
2.06.1996;2.9;8
3.06.1996;2;6.9
4.06.1996;3.9;5.2
5.06.1996;4.4;10
6.06.1996;3.9;10
7.06.1996;3.6;14
8.06.1996;3.9;13
9.06.1996;4;13
10.06.1996;4;14
11.06.1996;3.5;14.2
12.06.1996;3.6;12
13.06.1996;3.9;11
14.06.1996;3.4;11
15.06.1996;3.5;11
16.06.1996;3.1;12
17.06.1996;3.3;9.5
18.06.1996;4.6;8.8
19.06.1996;2.6;8
20.06.1996;5.7;8
21.06.1996;3.9;14
22.06.1996;4.7;11
23.06.1996;4.8;14
24.06.1996;3;12
25.06.1996;2.7;12.5
26.06.1996;3.3;10
27.06.1996;4.2;12
28.06.1996;5.9;16
29.06.1996;4.1;15
30.06.1996;3.7;9
1.07.1996;4.4;10
2.07.1996;3.2;12
3.07.1996;3.7;12
4.07.1996;2.9;9
5.07.1996;2.2;11
6.07.1996;2.3;10
7.07.1996;2.2;9
8.07.1996;2.4;8
9.07.1996;1.8;10
10.07.1996;2.3;8
11.07.1996;2.2;9
12.07.1996;3.3;10
13.07.1996;3.2;7
14.07.1996;3.1;10
15.07.1996;1.6;11
16.07.1996;2;8
17.07.1996;2.1;10
18.07.1996;2.8;6
19.07.1996;2.5;7
20.07.1996;2.9;8
21.07.1996;3.8;10
22.07.1996;3.2;8
23.07.1996;3.5;12
24.07.1996;3.3;8
25.07.1996;5;12
26.07.1996;4.3;12
27.07.1996;4.2;10
28.07.1996;4.8;11.7
29.07.1996;5.4;12.5
30.07.1996;4.4;14
31.07.1996;3.3;14
1.08.1996;3.3;10
2.08.1996;6.6;10
3.08.1996;4.2;16
4.08.1996;2.9;10
5.08.1996;2.5;6
6.08.1996;3.4;12
7.08.1996;5.7;10
8.08.1996;3.5;12
9.08.1996;3.6;8
10.08.1996;3.4;16
11.08.1996;3;7
12.08.1996;2.8;10
13.08.1996;3.5;9
14.08.1996;3.4;10
15.08.1996;3.2;10
16.08.1996;3.2;10
17.08.1996;2.4;9
18.08.1996;2.5;10
19.08.1996;3.7;8
20.08.1996;3.9;8
21.08.1996;3.6;8.6
22.08.1996;3.3;8
23.08.1996;3.3;9
24.08.1996;3.7;10
25.08.1996;2.9;10
26.08.1996;2.9;6
27.08.1996;2.8;9
28.08.1996;3.4;8
29.08.1996;4.2;9.5
30.08.1996;4.1;6.8
31.08.1996;2.8;10
1.09.1996;2.8;10
2.09.1996;3.9;6.1
3.09.1996;3.6;11
4.09.1996;4.4;9
5.09.1996;1.1;10
6.09.1996;4;10
7.09.1996;5;10
8.09.1996;2.8;10.6
9.09.1996;4.1;8
10.09.1996;2.7;10
11.09.1996;2.1;8
12.09.1996;3;6
13.09.1996;2.3;9
14.09.1996;3.5;10
15.09.1996;6.3;10
16.09.1996;3.4;12
17.09.1996;4.2;10.4
18.09.1996;3.2;12
19.09.1996;3.3;4
20.09.1996;2.5;9
21.09.1996;8.1;7.5
22.09.1996;3.7;10
23.09.1996;2.2;11
24.09.1996;3.4;5
25.09.1996;3.2;7.5
26.09.1996;3;7
27.09.1996;3.4;8
28.09.1996;5.3;8
29.09.1996;3.5;6
30.09.1996;2.4;6
1.10.1996;2.6;9
2.10.1996;2.9;5.2
3.10.1996;3.9;4
4.10.1996;2.5;4
5.10.1996;2.9;5
6.10.1996;4;6.5
7.10.1996;3.6;6.4
8.10.1996;1.9;6
9.10.1996;2.1;6.5
10.10.1996;4.2;6
11.10.1996;3.3;1.8
12.10.1996;1.6;5
13.10.1996;3.7;3
14.10.1996;3.5;3
15.10.1996;3;4
16.10.1996;1.9;4
17.10.1996;2.8;6
18.10.1996;2;6
19.10.1996;0.7;6
20.10.1996;2.8;4
21.10.1996;2.8;4.5
22.10.1996;4.3;5.2
23.10.1996;1.9;3
24.10.1996;1.2;2.4
25.10.1996;4.6;3.8
26.10.1996;5.3;4
27.10.1996;2.6;4
28.10.1996;3;3
29.10.1996;3;2.3
30.10.1996;2.6;2.7
31.10.1996;1.9;3.4
1.11.1996;1.1;4
2.11.1996;2;1.9
3.11.1996;2.3;4
4.11.1996;3.1;4
5.11.1996;3.7;5
6.11.1996;4.1;4
7.11.1996;3.3;4
8.11.1996;2.2;5
9.11.1996;2.1;3.4
10.11.1996;3;3
11.11.1996;2.6;4
12.11.1996;2.1;4
13.11.1996;3.2;5
14.11.1996;3.8;5
15.11.1996;3.8;3.5
16.11.1996;5.2;5.5
17.11.1996;4.6;6
18.11.1996;3.4;6
19.11.1996;3.7;3.5
20.11.1996;1.8;4
21.11.1996;1.2;2
22.11.1996;2;3
23.11.1996;1.5;4
24.11.1996;2.1;3
25.11.1996;2.4;3
26.11.1996;1.8;2
27.11.1996;2.5;1.7
28.11.1996;1.7;3
29.11.1996;2.1;1.4
30.11.1996;1.8;3
1.12.1996;2.8;1
2.12.1996;1.5;3
3.12.1996;3.7;2
4.12.1996;4.1;1.2
5.12.1996;3;0
6.12.1996;0.9;1.2
7.12.1996;1.8;2
8.12.1996;2.1;2
9.12.1996;2.9;0.7
10.12.1996;0.8;1.2
11.12.1996;1.4;3
12.12.1996;1.4;0.8
13.12.1996;2;3
14.12.1996;1.6;1
15.12.1996;0.5;1.5
16.12.1996;2.2;1
17.12.1996;2.1;0.7
18.12.1996;1.9;1
19.12.1996;1.7;2
20.12.1996;1.7;1
21.12.1996;1.2;2
22.12.1996;2.4;0.5
23.12.1996;2.7;1
24.12.1996;0.9;2
25.12.1996;1.8;2
26.12.1996;3.1;2
27.12.1996;2.5;3
28.12.1996;2.8;2
29.12.1996;3.8;1
30.12.1996;1.7;2
31.12.1996;2.2;2
1.01.1997;2.9;2.5
2.01.1997;2.2;2
3.01.1997;2.4;2.2
4.01.1997;2.4;2
5.01.1997;1.3;2
6.01.1997;1.3;2
7.01.1997;1.3;0.6
8.01.1997;2.3;1.5
9.01.1997;4.7;1.9
10.01.1997;0.8;2
11.01.1997;2.4;2
12.01.1997;2.7;1
13.01.1997;4.8;2
14.01.1997;2.4;2
15.01.1997;3.9;3
16.01.1997;6;4
17.01.1997;3.2;2
18.01.1997;1.5;2.7
19.01.1997;2.3;2
20.01.1997;2.2;2
21.01.1997;4.3;2.8
22.01.1997;6;2
23.01.1997;8.8;5
24.01.1997;3.8;4
25.01.1997;5.3;4
26.01.1997;4.5;3.2
27.01.1997;2.9;4
28.01.1997;3.8;3
29.01.1997;3.6;3
30.01.1997;2.8;1.2
31.01.1997;7;2.5
1.02.1997;1.5;3
2.02.1997;2;2
3.02.1997;3.1;0
4.02.1997;6.1;2.2
5.02.1997;3.7;5
6.02.1997;1.6;2
7.02.1997;2.3;2.2
8.02.1997;2.6;2
9.02.1997;2.4;3
10.02.1997;2.9;2
11.02.1997;2.8;3
12.02.1997;2.2;3.5
13.02.1997;2.1;3.2
14.02.1997;3.9;2
15.02.1997;2.5;2.5
16.02.1997;2.2;0.8
17.02.1997;1.6;2
18.02.1997;4.3;3
19.02.1997;2.8;4
20.02.1997;1.4;2
21.02.1997;2.6;3.8
22.02.1997;4.8;2.3
23.02.1997;4.7;2.5
24.02.1997;4.4;2.2
25.02.1997;3.6;2
26.02.1997;3.7;3
27.02.1997;2.8;4
28.02.1997;1.8;2
1.03.1997;1.5;1.2
2.03.1997;4.1;2.2
3.03.1997;4.2;4.6
4.03.1997;4.1;1.6
5.03.1997;2.6;4
6.03.1997;6.5;3
7.03.1997;5.3;7
8.03.1997;3.1;5
9.03.1997;3.3;2.3
10.03.1997;4.4;4
11.03.1997;4.2;2.5
12.03.1997;2.2;2
13.03.1997;2.6;4
14.03.1997;2.2;2
15.03.1997;2.3;3.1
16.03.1997;3.5;2.1
17.03.1997;3.4;4.2
18.03.1997;7.4;4
19.03.1997;4.4;5.1
20.03.1997;2.8;3
21.03.1997;6.6;5
22.03.1997;6.1;4.7
23.03.1997;5.8;6.7
24.03.1997;3.7;4
25.03.1997;4.6;2.1
26.03.1997;2.9;1.8
27.03.1997;2;4
28.03.1997;4.1;2.4
29.03.1997;3;4
30.03.1997;2.8;5
31.03.1997;1.9;4
1.04.1997;3;3
2.04.1997;5;2.3
3.04.1997;2.6;5
4.04.1997;1.6;3
5.04.1997;3.3;2.4
6.04.1997;5.7;2
7.04.1997;3.7;3.4
8.04.1997;6;5.5
9.04.1997;5.4;6
10.04.1997;6.2;4.2
11.04.1997;2.6;8
12.04.1997;1.2;2.4
13.04.1997;5;2.5
14.04.1997;4.8;5.2
15.04.1997;5.4;6
16.04.1997;2;6
17.04.1997;2.4;3.2
18.04.1997;3.6;3
19.04.1997;2.6;5
20.04.1997;2.6;4
21.04.1997;3;5
22.04.1997;2.9;7.2
23.04.1997;2.8;6
24.04.1997;6.3;5
25.04.1997;4.8;4.3
26.04.1997;3.8;4.9
27.04.1997;5.8;5.5
28.04.1997;3.9;6
29.04.1997;2.6;2.5
30.04.1997;1.6;4.3
1.05.1997;1.8;3.7
2.05.1997;2.2;6
3.05.1997;5.3;2.2
4.05.1997;4.3;5
5.05.1997;3.8;7
6.05.1997;2.2;6
7.05.1997;3.8;5
8.05.1997;3.6;8
9.05.1997;3.2;7
10.05.1997;4;9.5
11.05.1997;3.1;10
12.05.1997;4;9
13.05.1997;3.5;12
14.05.1997;2.6;11
15.05.1997;2.8;8
16.05.1997;2.7;6
17.05.1997;0.9;6.5
18.05.1997;1.4;7
19.05.1997;3.3;8.5
20.05.1997;3.3;6.5
21.05.1997;2.4;7
22.05.1997;2.8;7.5
23.05.1997;3;7.5
24.05.1997;2.5;8
25.05.1997;3.4;6
26.05.1997;3.3;9.5
27.05.1997;3.9;9
28.05.1997;3.2;8
29.05.1997;2;7
30.05.1997;3.1;7.5
31.05.1997;4.9;10
1.06.1997;3.9;8
2.06.1997;3.6;10.2
3.06.1997;3.6;9
4.06.1997;2.6;8.5
5.06.1997;3.3;8.5
6.06.1997;4.3;8
7.06.1997;3.2;9
8.06.1997;3.4;8
9.06.1997;4.9;8
10.06.1997;3.2;10.2
11.06.1997;2.4;9.5
12.06.1997;2.2;2.4
13.06.1997;2.5;5.8
14.06.1997;2.6;4.5
15.06.1997;3.4;6
16.06.1997;3.7;6
17.06.1997;4.8;10
18.06.1997;4.6;13.2
19.06.1997;4.2;10
20.06.1997;4.9;14
21.06.1997;5.4;16
22.06.1997;4.2;14
23.06.1997;2.8;12
24.06.1997;3.1;12
25.06.1997;2.4;10.3
26.06.1997;3.4;9
27.06.1997;2.4;8
28.06.1997;4.4;8.3
29.06.1997;5.2;12
30.06.1997;4.9;13
1.07.1997;3.1;12.5
2.07.1997;3.2;12
3.07.1997;4.2;10
4.07.1997;4.5;10
5.07.1997;4.8;16
6.07.1997;3.9;19
7.07.1997;4.3;16
8.07.1997;3.4;11
9.07.1997;4.7;12
10.07.1997;4.9;12
11.07.1997;3.6;12.6
12.07.1997;4;10
13.07.1997;4.5;12
14.07.1997;4;13
15.07.1997;3;10
16.07.1997;4.5;10
17.07.1997;3.8;10
18.07.1997;4.4;11
19.07.1997;6.1;14
20.07.1997;3.5;11
21.07.1997;3.5;12
22.07.1997;3.2;14
23.07.1997;3;12
24.07.1997;3.9;7
25.07.1997;4.4;13
26.07.1997;4.1;14
27.07.1997;2.9;12
28.07.1997;4.8;10
29.07.1997;3.7;10
30.07.1997;3.6;10
31.07.1997;4;12
1.08.1997;3.3;10
2.08.1997;3.6;9.5
3.08.1997;5;7
4.08.1997;5.3;13
5.08.1997;3.2;9
6.08.1997;3.6;8
7.08.1997;5.1;9
8.08.1997;3.4;13
9.08.1997;2.3;8
10.08.1997;2.7;10
11.08.1997;2.8;10
12.08.1997;3.9;8
13.08.1997;4.7;8
14.08.1997;4.4;8.8
15.08.1997;3.8;8.2
16.08.1997;3.8;8
17.08.1997;3.6;7
18.08.1997;3.2;8.9
19.08.1997;4.4;10
20.08.1997;4.2;9.5
21.08.1997;5.2;10
22.08.1997;3.8;10
23.08.1997;3.2;5
24.08.1997;4;5
25.08.1997;5.5;4
26.08.1997;4.7;13
27.08.1997;4.1;8
28.08.1997;3.6;8.8
29.08.1997;2.9;9.5
30.08.1997;2.8;8
31.08.1997;2.5;10
1.09.1997;2.8;6
2.09.1997;3.1;7.5
3.09.1997;4.1;5
4.09.1997;4.4;10
5.09.1997;3;12
6.09.1997;4;10
7.09.1997;4.1;12
8.09.1997;4;10
9.09.1997;4.3;10
10.09.1997;3.4;8
11.09.1997;3.1;10
12.09.1997;2;7
13.09.1997;2.9;6
14.09.1997;3.4;7
15.09.1997;4.9;6
16.09.1997;2.7;9.5
17.09.1997;2.3;6.4
18.09.1997;2.9;9
19.09.1997;3.1;7
20.09.1997;3.9;6
21.09.1997;2.6;8
22.09.1997;3.2;2.6
23.09.1997;4;5
24.09.1997;3.3;7.5
25.09.1997;3.7;5.4
26.09.1997;2.6;7
27.09.1997;2.4;6
28.09.1997;3.9;2.7
29.09.1997;2.6;5.7
30.09.1997;3;7
1.10.1997;3.3;6
2.10.1997;3.5;5
3.10.1997;2.8;7.2
4.10.1997;2.6;7
5.10.1997;3;6
6.10.1997;3.8;6
7.10.1997;2.6;5.7
8.10.1997;3.4;5
9.10.1997;3.9;9
10.10.1997;3.9;9
11.10.1997;3.7;7
12.10.1997;1.8;6.4
13.10.1997;1.7;6
14.10.1997;2.5;5.8
15.10.1997;3.2;10
16.10.1997;3.8;7.1
17.10.1997;4.5;9
18.10.1997;3.4;4.4
19.10.1997;3.1;2.3
20.10.1997;2.4;6.6
21.10.1997;1.7;2.5
22.10.1997;2.2;3
23.10.1997;2.1;4
24.10.1997;2.6;3.2
25.10.1997;3;4
26.10.1997;2.2;4
27.10.1997;2;2.6
28.10.1997;2.4;4.9
29.10.1997;3;2
30.10.1997;4.2;4
31.10.1997;3.1;4.2
1.11.1997;3;6
2.11.1997;3.4;6
3.11.1997;3.5;6
4.11.1997;4.6;5
5.11.1997;2.4;4
6.11.1997;2.9;4
7.11.1997;3.2;4
8.11.1997;3.4;3
9.11.1997;2.7;6
10.11.1997;2.8;4
11.11.1997;4.4;4
12.11.1997;3.7;4
13.11.1997;1.5;4.2
14.11.1997;2;4
15.11.1997;2.6;3
16.11.1997;2.2;5
17.11.1997;2.8;3.6
18.11.1997;2.6;2.2
19.11.1997;2.4;1.6
20.11.1997;2.7;1
21.11.1997;1.8;3
22.11.1997;1.7;2.2
23.11.1997;1.4;2
24.11.1997;1.9;1
25.11.1997;3;3
26.11.1997;1.9;2
27.11.1997;1.9;3
28.11.1997;1.7;1
29.11.1997;2.7;1.4
30.11.1997;4.4;3.5
1.12.1997;2.5;2.3
2.12.1997;2.3;2
3.12.1997;1.8;2.7
4.12.1997;2;2
5.12.1997;1.7;2
6.12.1997;1.5;1
7.12.1997;3;1
8.12.1997;2.4;2
9.12.1997;4.3;2
10.12.1997;2.7;2
11.12.1997;1.4;1.3
12.12.1997;1;2
13.12.1997;1.7;0.9
14.12.1997;2.4;2
15.12.1997;3.2;1.5
16.12.1997;4.5;1.5
17.12.1997;5.8;2.3
18.12.1997;0.8;2.5
19.12.1997;4.3;1.5
20.12.1997;2.7;2.4
21.12.1997;2.2;2
22.12.1997;1.1;1
23.12.1997;0.8;1
24.12.1997;1.6;0.2
25.12.1997;2.4;1.7
26.12.1997;1.8;2
27.12.1997;2.6;2.5
28.12.1997;3.6;2
29.12.1997;2.1;1.4
30.12.1997;2.8;3.7
31.12.1997;3.1;1.3
1.01.1998;2.2;2
2.01.1998;1.4;2
3.01.1998;4.4;1.2
4.01.1998;4.9;3
5.01.1998;2.3;2
6.01.1998;1.9;2
7.01.1998;1.2;1.2
8.01.1998;3.6;1
9.01.1998;1.5;2
10.01.1998;3.4;2
11.01.1998;7.9;4.6
12.01.1998;7.4;3.5
13.01.1998;3.6;5
14.01.1998;1.7;2
15.01.1998;1.6;2
16.01.1998;1.4;1.7
17.01.1998;2.9;2
18.01.1998;3.1;1
19.01.1998;1.9;2
20.01.1998;1.4;1.9
21.01.1998;2.3;1.4
22.01.1998;2.2;1
23.01.1998;2.1;1.6
24.01.1998;2.6;1.9
25.01.1998;4.2;1.9
26.01.1998;2.6;2
27.01.1998;3.1;2
28.01.1998;2.7;1.7
29.01.1998;6.9;2
30.01.1998;5.2;2.4
31.01.1998;1.2;4
1.02.1998;1;1
2.02.1998;2.3;2
3.02.1998;3.4;1.5
4.02.1998;1.5;2
5.02.1998;2;2
6.02.1998;1.6;2
7.02.1998;3.7;2
8.02.1998;3.4;1.7
9.02.1998;5;1
10.02.1998;4;2
11.02.1998;4.6;4.5
12.02.1998;3.2;2
13.02.1998;4.6;3
14.02.1998;6.3;4
15.02.1998;3.6;3
16.02.1998;2.4;4
17.02.1998;2.1;2.2
18.02.1998;3.7;1.5
19.02.1998;4.7;0.6
20.02.1998;3;3
21.02.1998;3;4
22.02.1998;2.6;3
23.02.1998;3;3
24.02.1998;5.4;3
25.02.1998;3.2;5.8
26.02.1998;2.2;3
27.02.1998;3.2;4
28.02.1998;2.9;3
1.03.1998;4.8;2
2.03.1998;5;4
3.03.1998;1.8;5
4.03.1998;2.2;2.7
5.03.1998;2;3
6.03.1998;2.6;4
7.03.1998;2;5
8.03.1998;2.7;2
9.03.1998;2.1;3
10.03.1998;2.3;3
11.03.1998;3.4;3
12.03.1998;5.3;4.4
13.03.1998;3;5
14.03.1998;4.5;4
15.03.1998;4.1;4.4
16.03.1998;5;3
17.03.1998;1.7;3
18.03.1998;6.9;0.1
19.03.1998;3;4.6
20.03.1998;2;3.2
21.03.1998;3.1;2
22.03.1998;2.2;1.2
23.03.1998;6.1;2.7
24.03.1998;4.2;4
25.03.1998;3;4
26.03.1998;8;4.5
27.03.1998;5.2;6
28.03.1998;2.8;6
29.03.1998;3.8;4
30.03.1998;6.4;4.1
31.03.1998;2.1;5
1.04.1998;2.3;2
2.04.1998;2.1;5
3.04.1998;7;1.6
4.04.1998;4.4;6
5.04.1998;4.3;5
6.04.1998;2.9;9
7.04.1998;4;4.3
8.04.1998;3.1;5.5
9.04.1998;1.9;6
10.04.1998;2.4;9
11.04.1998;3.5;8
12.04.1998;3;9
13.04.1998;3.5;10
14.04.1998;2.6;10
15.04.1998;3;7
16.04.1998;3.2;10.2
17.04.1998;2.2;4.3
18.04.1998;3.6;6
19.04.1998;2;6.8
20.04.1998;6;5
21.04.1998;6;8
22.04.1998;4.5;10
23.04.1998;3.5;5
24.04.1998;3.4;8
25.04.1998;2.8;5
26.04.1998;4.6;2.4
27.04.1998;3;6.6
28.04.1998;1.9;2.7
29.04.1998;2.4;6.2
30.04.1998;3;5
1.05.1998;2;5
2.05.1998;2;6
3.05.1998;3.2;10
4.05.1998;3.3;11
5.05.1998;2.8;10
6.05.1998;4.5;7.4
7.05.1998;3.2;7
8.05.1998;2.3;4
9.05.1998;2.6;5.7
10.05.1998;2.5;2.1
11.05.1998;4.6;1.8
12.05.1998;2.1;4.8
13.05.1998;1.7;2.8
14.05.1998;0.8;3.4
15.05.1998;1.5;3.6
16.05.1998;1.6;2.7
17.05.1998;3.2;5
18.05.1998;4.1;8
19.05.1998;6.2;6.6
20.05.1998;5.6;9
21.05.1998;5.3;7
22.05.1998;3.2;10
23.05.1998;3;5.1
24.05.1998;3.2;6
25.05.1998;4.2;8
26.05.1998;3.3;7
27.05.1998;4.6;10.2
28.05.1998;3.7;11.5
29.05.1998;4.3;8
30.05.1998;3.6;10
31.05.1998;3.3;9
1.06.1998;3.1;8
2.06.1998;3.3;9
3.06.1998;2.2;6
4.06.1998;1.9;7.1
5.06.1998;3.6;6.4
6.06.1998;4.6;11
7.06.1998;4.4;10
8.06.1998;3.7;9
9.06.1998;3.1;8
10.06.1998;3.1;8
11.06.1998;3.6;8
12.06.1998;5.4;9.2
13.06.1998;4.7;10
14.06.1998;4.8;11
15.06.1998;4.5;16
16.06.1998;2.3;9
17.06.1998;1.9;10
18.06.1998;3.7;11
19.06.1998;2;9
20.06.1998;1.9;7.6
21.06.1998;2.6;10
22.06.1998;3.1;8.2
23.06.1998;4.5;9
24.06.1998;4.3;13.2
25.06.1998;4.2;11
26.06.1998;4.2;12
27.06.1998;3.1;14
28.06.1998;1.9;9
29.06.1998;4.7;10
30.06.1998;4.8;12.2
1.07.1998;4.2;14
2.07.1998;4.1;14
3.07.1998;3.9;14
4.07.1998;6.2;17
5.07.1998;7.2;19.6
6.07.1998;3.5;15
7.07.1998;3.3;10
8.07.1998;4.7;12
9.07.1998;3.5;16
10.07.1998;3.7;12
11.07.1998;3.5;13
12.07.1998;3.4;7
13.07.1998;4.8;12
14.07.1998;4.8;16
15.07.1998;3.3;12
16.07.1998;3.3;12
17.07.1998;3.7;10
18.07.1998;3.3;12
19.07.1998;2.7;7.8
20.07.1998;2.5;12
21.07.1998;1.9;13
22.07.1998;2;8
23.07.1998;3;11
24.07.1998;2.9;9
25.07.1998;2.7;8
26.07.1998;3.1;10
27.07.1998;2.4;12
28.07.1998;2.2;6
29.07.1998;3.4;12
30.07.1998;2.6;8
31.07.1998;2.9;7.4
1.08.1998;2;12
2.08.1998;2.2;10
3.08.1998;2.3;7
4.08.1998;2.6;12
5.08.1998;2.6;10
6.08.1998;2.9;14
7.08.1998;4.2;11
8.08.1998;2.2;16
9.08.1998;2.5;16
10.08.1998;2.7;16
11.08.1998;3.5;10
12.08.1998;2.6;11.5
13.08.1998;3;10
14.08.1998;4.4;9
15.08.1998;3.7;9.8
16.08.1998;4.1;11
17.08.1998;4.1;13
18.08.1998;3.9;13
19.08.1998;4.7;13
20.08.1998;3.8;10
21.08.1998;3;9
22.08.1998;3.5;9
23.08.1998;2.8;11
24.08.1998;2.5;8
25.08.1998;2.3;9
26.08.1998;1.9;9.2
27.08.1998;1.9;6
28.08.1998;2.8;9
29.08.1998;3.2;7
30.08.1998;2.5;7
31.08.1998;4.1;8
1.09.1998;4.3;11
2.09.1998;2.9;11
3.09.1998;3.2;8
4.09.1998;4.7;12
5.09.1998;3.7;8
6.09.1998;2.4;7.6
7.09.1998;1.9;8
8.09.1998;2.9;5
9.09.1998;3.5;7.2
10.09.1998;3.4;10.5
11.09.1998;4;6
12.09.1998;3.3;9.5
13.09.1998;3.5;7
14.09.1998;3;8
15.09.1998;2.1;4
16.09.1998;2.8;5.2
17.09.1998;4.1;8
18.09.1998;3.5;6
19.09.1998;4.4;7
20.09.1998;4;7
21.09.1998;4.4;8
22.09.1998;5;8
23.09.1998;3.7;10
24.09.1998;3.6;7
25.09.1998;3.6;3.5
26.09.1998;3.6;7
27.09.1998;3.8;6
28.09.1998;3.9;6.5
29.09.1998;3.8;4
30.09.1998;3.2;8
1.10.1998;3.8;6
2.10.1998;3;7
3.10.1998;3.4;6
4.10.1998;2.9;8.8
5.10.1998;2.5;6
6.10.1998;3;4
7.10.1998;2.9;6
8.10.1998;4.2;7
9.10.1998;4.1;8
10.10.1998;2.9;9
11.10.1998;3.6;8
12.10.1998;3.3;8
13.10.1998;3;8
14.10.1998;5;6
15.10.1998;4.2;9.2
16.10.1998;5.1;8
17.10.1998;2.7;10
18.10.1998;2.3;3
19.10.1998;3.2;6
20.10.1998;2.3;6
21.10.1998;4.2;4
22.10.1998;3;6
23.10.1998;3.1;6.8
24.10.1998;2.6;6
25.10.1998;3.2;4
26.10.1998;3.2;4
27.10.1998;2.6;7
28.10.1998;3.6;4
29.10.1998;5.4;3.4
30.10.1998;3.1;10
31.10.1998;2.3;3.2
1.11.1998;2.1;4
2.11.1998;2.4;3
3.11.1998;2.3;5
4.11.1998;2.9;4
5.11.1998;4.1;3
6.11.1998;2.7;3
7.11.1998;1.9;3
8.11.1998;2;5.5
9.11.1998;1.8;4
10.11.1998;2.7;3
11.11.1998;1.6;1.8
12.11.1998;1.7;1.7
13.11.1998;1.8;1
14.11.1998;3;1.4
15.11.1998;2.6;1.7
16.11.1998;2;3.4
17.11.1998;1.9;2
18.11.1998;2.4;2
19.11.1998;3.6;2.7
20.11.1998;2.8;2
21.11.1998;2.2;1.7
22.11.1998;2.4;2.5
23.11.1998;3.1;5
24.11.1998;3.4;6
25.11.1998;2.6;3
26.11.1998;1.8;4
27.11.1998;3.8;1.7
28.11.1998;1.8;3
29.11.1998;1.9;1
30.11.1998;2.5;1
1.12.1998;2.9;1.5
2.12.1998;3;3
3.12.1998;2.6;2
4.12.1998;1.8;3
5.12.1998;1.9;2
6.12.1998;2.7;2
7.12.1998;3.4;1.2
8.12.1998;1.5;3.2
9.12.1998;1.2;1.3
10.12.1998;6.5;1
11.12.1998;1.7;5.3
12.12.1998;2.4;2
13.12.1998;3.2;2
14.12.1998;3;3
15.12.1998;2.3;2
16.12.1998;1.6;1.8
17.12.1998;1.9;2.8
18.12.1998;2.3;1
19.12.1998;2.3;1.3
20.12.1998;2.3;2.3
21.12.1998;2.1;2
22.12.1998;2.2;2.4
23.12.1998;2.7;6.4
24.12.1998;2.6;2.2
25.12.1998;1.7;0
26.12.1998;2.4;2
27.12.1998;1.7;2
28.12.1998;4.3;1.6
29.12.1998;3.1;2.3
30.12.1998;1.6;1.9
31.12.1998;2.8;0.9
1.01.1999;1.4;1.5
2.01.1999;1.1;2
3.01.1999;2.4;2
4.01.1999;2;1.5
5.01.1999;1.7;1
6.01.1999;2.2;1.5
7.01.1999;3;1.2
8.01.1999;2.7;1
9.01.1999;3;2
10.01.1999;1.6;1.5
11.01.1999;1.6;1
12.01.1999;1.4;2
13.01.1999;2.9;1.5
14.01.1999;2.1;1
15.01.1999;1.9;2
16.01.1999;1.5;1
17.01.1999;2.4;0
18.01.1999;3.9;1
19.01.1999;7.6;3
20.01.1999;3.6;2.8
21.01.1999;1.6;2
22.01.1999;3.2;1.5
23.01.1999;3.7;1.6
24.01.1999;2.4;1
25.01.1999;1.4;3.4
26.01.1999;2.5;1
27.01.1999;3.1;2.6
28.01.1999;1.8;0.6
29.01.1999;3;2.8
30.01.1999;3.3;1.2
31.01.1999;1.8;1
1.02.1999;1.8;1.2
2.02.1999;3;3
3.02.1999;5.9;2
4.02.1999;2.2;2.5
5.02.1999;4;2.6
6.02.1999;2.7;1.2
7.02.1999;4.7;1.7
8.02.1999;4.9;2.3
9.02.1999;4.3;2.4
10.02.1999;1.6;3.1
11.02.1999;2.8;1.5
12.02.1999;1.9;1.7
13.02.1999;1.7;1
14.02.1999;1.4;1.7
15.02.1999;3.7;2
16.02.1999;2.3;2
17.02.1999;4.4;1.8
18.02.1999;6.4;2.4
19.02.1999;6.3;2.5
20.02.1999;5;3.2
21.02.1999;2.7;3
22.02.1999;1.9;3.1
23.02.1999;1.6;1
24.02.1999;3.3;1
25.02.1999;3.3;3.1
26.02.1999;2.7;3.2
27.02.1999;3.1;2
28.02.1999;3.7;2
1.03.1999;4.6;4
2.03.1999;4.2;5
3.03.1999;3.9;4.3
4.03.1999;3.4;4.5
5.03.1999;2;3
6.03.1999;2.9;5
7.03.1999;2.6;4
8.03.1999;4;4
9.03.1999;5.5;4.5
10.03.1999;2.6;4.2
11.03.1999;2.6;4.5
12.03.1999;3.1;4.5
13.03.1999;2.8;4.9
14.03.1999;2.5;4.8
15.03.1999;3.7;3
16.03.1999;2.6;4.8
17.03.1999;2;4.9
18.03.1999;3.4;3.5
19.03.1999;6.2;3.6
20.03.1999;3.9;5.6
21.03.1999;3.3;3.3
22.03.1999;5;3.1
23.03.1999;3.1;3.6
24.03.1999;2.7;4
25.03.1999;3.7;5.3
26.03.1999;3.6;2.2
27.03.1999;2;3
28.03.1999;3.1;3
29.03.1999;2.4;1
30.03.1999;2.5;3
31.03.1999;3.2;3
1.04.1999;2.5;4.3
2.04.1999;3;2.6
3.04.1999;2.2;4.6
4.04.1999;1.2;2
5.04.1999;2.6;2.8
6.04.1999;4.7;4.2
7.04.1999;5.1;6
8.04.1999;4.6;4.7
9.04.1999;3.7;5.4
10.04.1999;2.2;5
11.04.1999;2.1;5.8
12.04.1999;4.9;6.5
13.04.1999;5.4;7.2
14.04.1999;4.2;6.8
15.04.1999;3.2;7
16.04.1999;2.6;6
17.04.1999;2;5
18.04.1999;1.1;4.4
19.04.1999;4.4;4.8
20.04.1999;4.4;5
21.04.1999;3.4;5.3
22.04.1999;4.1;5.4
23.04.1999;2.9;8
24.04.1999;2.8;6
25.04.1999;4;5
26.04.1999;5.2;8.2
27.04.1999;6.9;9.4
28.04.1999;2.8;10
29.04.1999;2.5;6
30.04.1999;2.6;6
1.05.1999;3;10
2.05.1999;4.7;9
3.05.1999;4.6;9
4.05.1999;2.1;9.6
5.05.1999;3.3;10
6.05.1999;5.1;9
7.05.1999;4.7;13
8.05.1999;3;7
9.05.1999;2.8;8
10.05.1999;4.2;7.6
11.05.1999;2.5;7.8
12.05.1999;3.5;8.5
13.05.1999;4.3;8
14.05.1999;1.9;10.2
15.05.1999;2.5;9
16.05.1999;3;8
17.05.1999;2.9;7.6
18.05.1999;2.4;10
19.05.1999;4.9;8
20.05.1999;5;14
21.05.1999;3.1;14
22.05.1999;3.5;9
23.05.1999;4.3;10
24.05.1999;6.2;12.2
25.05.1999;7.3;14
26.05.1999;3.3;10
27.05.1999;2.8;9.7
28.05.1999;4.1;7
29.05.1999;5;10
30.05.1999;3.2;14
31.05.1999;3.3;9.2
1.06.1999;5;9
2.06.1999;4.6;10
3.06.1999;3.3;10
4.06.1999;4.4;11
5.06.1999;2.9;11
6.06.1999;3.1;9
7.06.1999;3.1;9.8
8.06.1999;3.3;10.4
9.06.1999;4.8;9.5
10.06.1999;2.8;9
11.06.1999;2.8;9.5
12.06.1999;3.6;3.4
13.06.1999;2.9;9.5
14.06.1999;2.7;8.5
15.06.1999;1.5;8
16.06.1999;3.6;7.9
17.06.1999;4.8;10.5
18.06.1999;4.2;11.5
19.06.1999;4.8;9
20.06.1999;3.7;12
21.06.1999;2.6;11
22.06.1999;3.6;12
23.06.1999;4.8;9
24.06.1999;3.7;12.6
25.06.1999;3.2;8
26.06.1999;2.6;9.5
27.06.1999;2.8;8
28.06.1999;4;9.8
29.06.1999;4;9
30.06.1999;3.5;10
1.07.1999;3.2;10
2.07.1999;3.4;11.6
3.07.1999;3.7;9
4.07.1999;3.1;9.5
5.07.1999;3.3;9
6.07.1999;5.6;12
7.07.1999;4.5;12
8.07.1999;4.3;15
9.07.1999;3.6;10
10.07.1999;4.5;10
11.07.1999;3.1;12
12.07.1999;2.4;10.5
13.07.1999;3;13
14.07.1999;3.2;9
15.07.1999;2.4;11.8
16.07.1999;1.8;9.5
17.07.1999;1.7;6.4
18.07.1999;2.6;9
19.07.1999;5;9
20.07.1999;5.8;10.5
21.07.1999;5.6;15
22.07.1999;4.8;15
23.07.1999;4.3;13.4
24.07.1999;3.7;12.5
25.07.1999;3.2;10
26.07.1999;3.2;10
27.07.1999;2.9;9
28.07.1999;3.6;10
29.07.1999;3.3;9.5
30.07.1999;2.8;10
31.07.1999;3.4;10
1.08.1999;3.6;9.6
2.08.1999;3.5;10
3.08.1999;3;8
4.08.1999;2.8;7
5.08.1999;2.9;11.2
6.08.1999;3;10
7.08.1999;2.6;10
8.08.1999;3.5;11
9.08.1999;3;10
10.08.1999;2.5;11
11.08.1999;3.4;10
12.08.1999;3.9;8
13.08.1999;3;10
14.08.1999;2.4;9
15.08.1999;2.2;11
16.08.1999;3.5;7
17.08.1999;2.5;9
18.08.1999;3;8
19.08.1999;3.3;10
20.08.1999;2.5;10
21.08.1999;2.4;8
22.08.1999;2.7;9
23.08.1999;2.6;8
24.08.1999;2.5;8
25.08.1999;2.9;7
26.08.1999;3.1;6
27.08.1999;3.6;8
28.08.1999;3.7;8
29.08.1999;3.6;7
30.08.1999;3.6;8
31.08.1999;3.8;8
1.09.1999;3.3;9.6
2.09.1999;3.6;7
3.09.1999;3.7;7
4.09.1999;3.9;7
5.09.1999;3.3;10.1
6.09.1999;3.2;7.2
7.09.1999;2.6;7
8.09.1999;3.1;6.4
9.09.1999;3.4;6
10.09.1999;3.8;10
11.09.1999;4.2;7
12.09.1999;4.1;7
13.09.1999;3.6;9
14.09.1999;5.3;8
15.09.1999;4.9;7.5
16.09.1999;3.7;8
17.09.1999;2.9;9
18.09.1999;4.3;2
19.09.1999;4.1;9.5
20.09.1999;2.7;7
21.09.1999;3.6;5.3
22.09.1999;2.7;8
23.09.1999;3.4;6.5
24.09.1999;4.1;8.5
25.09.1999;2.6;8
26.09.1999;2.9;7
27.09.1999;3.6;7
28.09.1999;3.3;10
29.09.1999;2.9;7
30.09.1999;4;9
1.10.1999;4.1;9
2.10.1999;4;9
3.10.1999;4;8.5
4.10.1999;2.4;6.5
5.10.1999;2.3;6
6.10.1999;2.7;8
7.10.1999;3.4;6
8.10.1999;3.1;6
9.10.1999;2.7;7
10.10.1999;2.8;5
11.10.1999;2.8;2.4
12.10.1999;3.9;6
13.10.1999;2.8;8.8
14.10.1999;3.4;5
15.10.1999;3;4.5
16.10.1999;2.6;5
17.10.1999;1.5;5
18.10.1999;2;4.4
19.10.1999;2.3;3.2
20.10.1999;2.7;3
21.10.1999;2.4;2.5
22.10.1999;3;4.9
23.10.1999;2.6;4
24.10.1999;2.8;3
25.10.1999;2.5;3
26.10.1999;3;0.4
27.10.1999;3.4;4
28.10.1999;2;5
29.10.1999;3.1;4
30.10.1999;3.1;7
31.10.1999;3.4;6.6
1.11.1999;2.6;5
2.11.1999;2.8;6
3.11.1999;3.2;4
4.11.1999;2.2;5.5
5.11.1999;3.7;5
6.11.1999;2.7;1.8
7.11.1999;2.6;3.8
8.11.1999;2.5;2
9.11.1999;1.8;0.7
10.11.1999;4.2;2.5
11.11.1999;2.1;1.6
12.11.1999;1.2;5
13.11.1999;2;4
14.11.1999;1.4;3
15.11.1999;1;2
16.11.1999;2.2;3
17.11.1999;3.7;0.9
18.11.1999;2.4;3.2
19.11.1999;2.1;3
20.11.1999;1.6;2
21.11.1999;3.5;2.5
22.11.1999;0.6;2
23.11.1999;5.6;1
24.11.1999;7.7;3
25.11.1999;7.4;6.7
26.11.1999;4.7;6
27.11.1999;2.5;2
28.11.1999;3.7;2.4
29.11.1999;6.6;5
30.11.1999;5.4;2
1.12.1999;4.4;4
2.12.1999;2.8;3.5
3.12.1999;2.4;3.6
4.12.1999;2.9;3
5.12.1999;3.4;2
6.12.1999;2.2;2.5
7.12.1999;1.6;4
8.12.1999;2.6;3
9.12.1999;3.4;1
10.12.1999;2.4;3
11.12.1999;1.5;2.2
12.12.1999;1.8;2
13.12.1999;1.8;2
14.12.1999;3.1;1.1
15.12.1999;4.6;1.7
16.12.1999;1.6;3
17.12.1999;2.3;0.8
18.12.1999;1.7;1.5
19.12.1999;1.4;2.1
20.12.1999;3.1;1
21.12.1999;2.1;1
22.12.1999;1.6;1
23.12.1999;1.2;1
24.12.1999;2.7;1
25.12.1999;3.6;2.1
26.12.1999;3.5;2
27.12.1999;2.4;1.7
28.12.1999;5.2;1
29.12.1999;2.3;1.5
30.12.1999;2.4;2
31.12.1999;2.4;2
1.01.2000;2.3;2
2.01.2000;2.2;0.9
3.01.2000;3;0.9
4.01.2000;3.4;0.9
5.01.2000;2.9;1
6.01.2000;2.2;1.4
7.01.2000;1.8;1.8
8.01.2000;2.9;1
9.01.2000;2.6;1
10.01.2000;2.8;1.5
11.01.2000;2.6;1
12.01.2000;3.7;1
13.01.2000;2.7;1.8
14.01.2000;3.8;4
15.01.2000;4.4;2
16.01.2000;2.6;1.8
17.01.2000;2.1;1.8
18.01.2000;3.3;0.7
19.01.2000;5.1;2
20.01.2000;7.4;3
21.01.2000;2.4;4.9
22.01.2000;2;2
23.01.2000;3.4;1.5
24.01.2000;2;2.3
25.01.2000;3.8;1.9
26.01.2000;7.8;1.2
27.01.2000;5.3;4
28.01.2000;5.4;1.5
29.01.2000;1.6;2
30.01.2000;3;1.5
31.01.2000;1.5;1
1.02.2000;4.1;1.5
2.02.2000;2.4;2.5
3.02.2000;1.6;2.5
4.02.2000;1.1;2
5.02.2000;3.1;1.7
6.02.2000;7.1;0.9
7.02.2000;1.9;4
8.02.2000;1.5;3
9.02.2000;1.8;3.5
10.02.2000;2.3;3
11.02.2000;2.7;2
12.02.2000;3.2;3
13.02.2000;3.6;2.9
14.02.2000;2.2;2.4
15.02.2000;1.9;1
16.02.2000;4.3;1.5
17.02.2000;3.7;2.3
18.02.2000;2.3;2.5
19.02.2000;6.5;1.1
20.02.2000;2.4;4
21.02.2000;1.9;2
22.02.2000;4.3;1.7
23.02.2000;2.5;2
24.02.2000;2.4;2
25.02.2000;4.4;1.5
26.02.2000;2.2;2.5
27.02.2000;4.4;3
28.02.2000;2.5;4
29.02.2000;3;3.8
1.03.2000;4.2;3.5
2.03.2000;4.1;1.2
3.03.2000;3.1;2.5
4.03.2000;2.1;2.4
5.03.2000;2.6;3
6.03.2000;3.2;1
7.03.2000;8.7;3.5
8.03.2000;4.8;5.8
9.03.2000;3;4.5
10.03.2000;2.9;3
11.03.2000;4.1;3.5
12.03.2000;2.6;1.5
13.03.2000;3;3
14.03.2000;3.6;3
15.03.2000;2.1;5
16.03.2000;2;3.4
17.03.2000;3.4;3
18.03.2000;6.8;4
19.03.2000;4.6;5
20.03.2000;4.2;3.3
21.03.2000;3;2.5
22.03.2000;2.8;3
23.03.2000;3;2.5
24.03.2000;5.8;1.4
25.03.2000;2.3;3
26.03.2000;2.1;3
27.03.2000;3.2;3.5
28.03.2000;2.8;3.6
29.03.2000;2.9;4
30.03.2000;2.5;3
31.03.2000;1.6;3
1.04.2000;2;3.6
2.04.2000;3.4;7.5
3.04.2000;2.7;5.5
4.04.2000;1.7;5
5.04.2000;2.2;4
6.04.2000;5;3
7.04.2000;7.7;4
8.04.2000;4.8;8
9.04.2000;4.6;5
10.04.2000;2.5;3.2
11.04.2000;3.6;3
12.04.2000;3.2;4
13.04.2000;7;5.1
14.04.2000;3.4;5.5
15.04.2000;2;4.5
16.04.2000;2.4;5
17.04.2000;3.5;6
18.04.2000;3.6;6
19.04.2000;4.5;5.5
20.04.2000;4.3;4.2
21.04.2000;2.1;2.8
22.04.2000;2.4;4.3
23.04.2000;1.8;4
24.04.2000;1.5;3
25.04.2000;2.1;4.3
26.04.2000;2.4;3
27.04.2000;3.2;3
28.04.2000;2.7;7
29.04.2000;4.1;7
30.04.2000;3.2;6
1.05.2000;2.2;5.4
2.05.2000;2.2;6
3.05.2000;3.1;7
4.05.2000;5.4;2.8
5.05.2000;3.3;8
6.05.2000;2.1;6.4
7.05.2000;2.4;4
8.05.2000;5.5;2.1
9.05.2000;3.7;8.5
10.05.2000;3.3;8.5
11.05.2000;4;8
12.05.2000;3.5;8
13.05.2000;2.4;7.3
14.05.2000;2.1;10
15.05.2000;2.3;7
16.05.2000;2.4;7
17.05.2000;3.6;5.6
18.05.2000;4;7
19.05.2000;3.8;7
20.05.2000;2.8;8
21.05.2000;2.8;6.6
22.05.2000;3.1;7
23.05.2000;3.6;8
24.05.2000;2.9;7
25.05.2000;3;7.6
26.05.2000;3.5;9
27.05.2000;3.8;8
28.05.2000;4.2;8.5
29.05.2000;4.4;9
30.05.2000;4;12
31.05.2000;4.1;10
1.06.2000;3.5;9
2.06.2000;4.1;10
3.06.2000;3.1;10
4.06.2000;3.6;7
5.06.2000;4.2;8.5
6.06.2000;4.3;8.6
7.06.2000;3.3;10
8.06.2000;3;8
9.06.2000;4.6;9
10.06.2000;4.6;13
11.06.2000;3.9;12
12.06.2000;3.7;10
13.06.2000;4.3;13
14.06.2000;5.2;14.2
15.06.2000;3.8;22
16.06.2000;3.9;16
17.06.2000;4;12
18.06.2000;4.5;12.8
19.06.2000;4.2;12.6
20.06.2000;5.1;10
21.06.2000;3.7;12
22.06.2000;4.1;12
23.06.2000;5.2;12
24.06.2000;3.8;10
25.06.2000;4.5;16
26.06.2000;3.5;13.4
27.06.2000;4.3;13
28.06.2000;4.3;10
29.06.2000;2.5;14
30.06.2000;1.6;14
1.07.2000;3.1;12
2.07.2000;2.9;10
3.07.2000;2.7;12
4.07.2000;2.9;18
5.07.2000;2.6;20
6.07.2000;2.9;19
7.07.2000;1.9;15
8.07.2000;1.8;13.8
9.07.2000;2;15
10.07.2000;3.1;15
11.07.2000;1.3;11
12.07.2000;1.1;10
13.07.2000;1.7;15
14.07.2000;1.1;11
15.07.2000;1.5;10
16.07.2000;2.3;9.9
17.07.2000;2.4;14
18.07.2000;2.6;11
19.07.2000;2.4;10
20.07.2000;2.5;9.9
21.07.2000;2.6;10
22.07.2000;2.8;10
23.07.2000;4;10
24.07.2000;3.4;8.8
25.07.2000;3.7;12
26.07.2000;5;10
27.07.2000;6.1;15
28.07.2000;3.9;13.4
29.07.2000;3.1;14
30.07.2000;5.1;10
31.07.2000;6.4;16
1.08.2000;4.4;11
2.08.2000;5.4;11
3.08.2000;6.4;12
4.08.2000;5;16
5.08.2000;3.9;10.6
6.08.2000;4.2;11
7.08.2000;4.4;14
8.08.2000;3.8;14
9.08.2000;4.4;9
10.08.2000;3.3;10
11.08.2000;2.8;11
12.08.2000;2.1;9
13.08.2000;4.1;10
14.08.2000;3.5;10
15.08.2000;4;10
16.08.2000;4.2;9
17.08.2000;4.5;10
18.08.2000;4.4;14
19.08.2000;3.9;12
20.08.2000;2.7;11
21.08.2000;2.7;9
22.08.2000;3.7;10
23.08.2000;5.1;10
24.08.2000;2.8;8
25.08.2000;2.7;10
26.08.2000;2.7;10
27.08.2000;3.7;7
28.08.2000;3.1;9
29.08.2000;3.4;8
30.08.2000;3.5;10
31.08.2000;3.6;6
1.09.2000;4.3;12
2.09.2000;4.1;10
3.09.2000;2.8;9
4.09.2000;2.9;9.5
5.09.2000;3.1;8
6.09.2000;4.4;8
7.09.2000;4.2;9
8.09.2000;3.4;9.4
9.09.2000;4;9
10.09.2000;3;9
11.09.2000;3.9;7
12.09.2000;3.1;9.7
13.09.2000;2.9;10
14.09.2000;3.2;7
15.09.2000;2.8;6
16.09.2000;2.7;6
17.09.2000;2.8;5
18.09.2000;2.9;6
19.09.2000;3.1;6.6
20.09.2000;3.5;8
21.09.2000;4.3;10
22.09.2000;4;10
23.09.2000;4.4;12.3
24.09.2000;4.4;10
25.09.2000;4.3;9
26.09.2000;2.9;8
27.09.2000;2.6;4
28.09.2000;2.3;3
29.09.2000;3.8;4
30.09.2000;2.8;8
1.10.2000;5.4;4
2.10.2000;3.4;6
3.10.2000;3.5;9
4.10.2000;3.1;8
5.10.2000;3.2;10
6.10.2000;3.5;7
7.10.2000;5.8;5.8
8.10.2000;4;9
9.10.2000;2.8;6
10.10.2000;1.8;4.6
11.10.2000;4.7;3
12.10.2000;2.3;6
13.10.2000;3.5;5
14.10.2000;4.3;5
15.10.2000;2.9;8.1
16.10.2000;3.5;2.2
17.10.2000;5.4;6
18.10.2000;2.5;5
19.10.2000;1.9;4
20.10.2000;2.6;3.5
21.10.2000;1.5;5
22.10.2000;2.1;3
23.10.2000;1.8;3.8
24.10.2000;2.6;2.2
25.10.2000;4.5;3
26.10.2000;2.3;3
27.10.2000;2;2
28.10.2000;2.4;3
29.10.2000;1.7;5
30.10.2000;2.2;2
31.10.2000;2.3;2.6
1.11.2000;1.6;2.2
2.11.2000;3;6
3.11.2000;2.2;4
4.11.2000;2;3
5.11.2000;2.6;3
6.11.2000;2.2;3.5
7.11.2000;2.2;3
8.11.2000;2.3;3.6
9.11.2000;2.8;4
10.11.2000;2.9;4.5
11.11.2000;2.1;4
12.11.2000;2.1;4.6
13.11.2000;2.9;4.5
14.11.2000;3.3;4
15.11.2000;3.4;4
16.11.2000;3.7;5
17.11.2000;3.2;4.2
18.11.2000;3.6;7.5
19.11.2000;2.5;4
20.11.2000;2.8;2.8
21.11.2000;2.8;2.2
22.11.2000;2.9;4
23.11.2000;2.5;2
24.11.2000;2.5;3.2
25.11.2000;2.9;2
26.11.2000;2.4;2.5
27.11.2000;2.4;3
28.11.2000;2.5;5.6
29.11.2000;4.2;3
30.11.2000;4.8;2.4
1.12.2000;2.5;4
2.12.2000;2.8;3.1
3.12.2000;3;3
4.12.2000;3;1
5.12.2000;1.8;1
6.12.2000;1.7;1.6
7.12.2000;2.3;1
8.12.2000;2.2;1
9.12.2000;5.7;1.5
10.12.2000;3.6;3.2
11.12.2000;3.1;2
12.12.2000;3.3;2
13.12.2000;5;2.1
14.12.2000;2.9;3.2
15.12.2000;1.9;2
16.12.2000;1.9;2
17.12.2000;1.3;1
18.12.2000;1.4;0.6
19.12.2000;3.5;1
20.12.2000;3.5;3.3
21.12.2000;3.1;1
22.12.2000;2.1;2.2
23.12.2000;2.7;2
24.12.2000;4.2;1
25.12.2000;2.3;2
26.12.2000;1.3;1.8
27.12.2000;1.3;1
28.12.2000;2;1.5
29.12.2000;3.5;1.8
30.12.2000;2.2;0.8
31.12.2000;1;1.4
1.01.2001;3.4;1.2
2.01.2001;2.6;0.5
3.01.2001;4;1.5
4.01.2001;2;2
5.01.2001;1.4;1
6.01.2001;2.6;1
7.01.2001;1.8;1.4
8.01.2001;4;1
9.01.2001;3.1;2
10.01.2001;2.3;1.5
11.01.2001;1.8;1.5
12.01.2001;1.9;0.6
13.01.2001;1.6;1
14.01.2001;2.6;1.5
15.01.2001;3.1;1.2
16.01.2001;1.7;2
17.01.2001;1.8;1
18.01.2001;2.2;0.5
19.01.2001;2.6;2
20.01.2001;1.8;1
21.01.2001;1.7;1
22.01.2001;2.1;1.5
23.01.2001;2.2;1
24.01.2001;1.6;1
25.01.2001;3.6;0.3
26.01.2001;2.7;2
27.01.2001;2;2
28.01.2001;1.7;1
29.01.2001;2;1.4
30.01.2001;2.5;1
31.01.2001;2.7;1
1.02.2001;1;1
2.02.2001;1.7;0.9
3.02.2001;2;1.7
4.02.2001;4.5;0.9
5.02.2001;2.1;2.3
6.02.2001;2;2
7.02.2001;3.6;2
8.02.2001;3.8;2.1
9.02.2001;4.9;3
10.02.2001;2.6;4
11.02.2001;1.8;3
12.02.2001;2.4;2.5
13.02.2001;3.2;1.5
14.02.2001;5;2.1
15.02.2001;2.8;2
16.02.2001;2.3;2.5
17.02.2001;2.6;0.7
18.02.2001;4.6;2
19.02.2001;2.9;3
20.02.2001;4.7;2.4
21.02.2001;4.2;2.5
22.02.2001;2.7;3
23.02.2001;3.9;1
24.02.2001;2;1.9
25.02.2001;1.4;0.5
26.02.2001;1.2;2
27.02.2001;2.1;2
28.02.2001;1.1;3
1.03.2001;2.6;2
2.03.2001;5.6;2
3.03.2001;3.4;4.3
4.03.2001;1.6;2
5.03.2001;2.8;2.3
6.03.2001;2.2;2.2
7.03.2001;1.2;3
8.03.2001;1.1;3
9.03.2001;3.1;3
10.03.2001;2;3
11.03.2001;2;3.5
12.03.2001;2.5;3
13.03.2001;2.2;2.3
14.03.2001;2.3;1.6
15.03.2001;2.8;2.3
16.03.2001;2.7;3
17.03.2001;2.6;4
18.03.2001;2.7;2
19.03.2001;2.8;4.5
20.03.2001;2.5;4.5
21.03.2001;4.4;4.7
22.03.2001;2.2;4.5
23.03.2001;4.9;3
24.03.2001;5.5;5
25.03.2001;4.9;8
26.03.2001;1.4;5.5
27.03.2001;2.1;4.5
28.03.2001;2.3;5
29.03.2001;2.7;5.2
30.03.2001;2;6
31.03.2001;3.6;4.7
1.04.2001;4.7;6
2.04.2001;7.1;8
3.04.2001;3.6;6
4.04.2001;3.6;6
5.04.2001;3.5;5
6.04.2001;2.8;3.1
7.04.2001;2.5;3.5
8.04.2001;3.7;0.7
9.04.2001;3.5;5.5
10.04.2001;4.8;4.7
11.04.2001;3.2;5
12.04.2001;3.7;2.7
13.04.2001;2.4;5
14.04.2001;4.4;3.8
15.04.2001;3.7;5.6
16.04.2001;2.3;5
17.04.2001;2.1;6
18.04.2001;4.5;6
19.04.2001;6.7;7
20.04.2001;2.4;7
21.04.2001;2;6
22.04.2001;3.5;5.3
23.04.2001;7.6;4
24.04.2001;4.1;7
25.04.2001;3.8;5
26.04.2001;3.6;5
27.04.2001;3.1;8
28.04.2001;4.1;7
29.04.2001;3.6;6
30.04.2001;4.2;8.8
1.05.2001;2.9;5.6
2.05.2001;3.5;5.8
3.05.2001;4;6
4.05.2001;2.5;10
5.05.2001;2.9;6
6.05.2001;5;6.5
7.05.2001;6.7;6
8.05.2001;7.5;5.8
9.05.2001;3.3;9
10.05.2001;1.6;2.6
11.05.2001;2.8;2.8
12.05.2001;3.2;2.8
13.05.2001;4;5.5
14.05.2001;2.5;4.5
15.05.2001;2.8;3
16.05.2001;2.6;4.5
17.05.2001;3.6;6.5
18.05.2001;3.2;8.5
19.05.2001;3.4;9
20.05.2001;4.1;9.5
21.05.2001;3.2;11
22.05.2001;2.7;10
23.05.2001;3.3;10
24.05.2001;3.4;11.5
25.05.2001;3.1;9.5
26.05.2001;3.3;10
27.05.2001;2.9;11
28.05.2001;5;11.5
29.05.2001;4.4;10
30.05.2001;3.7;10
31.05.2001;3.9;10.5
1.06.2001;3.6;11.5
2.06.2001;4.2;11
3.06.2001;4.7;11
4.06.2001;4.2;10.5
5.06.2001;5.5;12.5
6.06.2001;3.6;10.2
7.06.2001;3.9;10.5
8.06.2001;4.6;9.5
9.06.2001;3.4;10
10.06.2001;4;10
11.06.2001;3.5;11
12.06.2001;4.2;12.5
13.06.2001;3.1;12
14.06.2001;3.1;12
15.06.2001;3.9;12
16.06.2001;3.3;10.5
17.06.2001;5;11
18.06.2001;4.4;13
19.06.2001;3.7;12
20.06.2001;2.5;12.5
21.06.2001;5.3;12
22.06.2001;6.2;12
23.06.2001;3.6;10
24.06.2001;3.8;12
25.06.2001;3.3;12
26.06.2001;2.6;11
27.06.2001;2.6;8
28.06.2001;2.6;9
29.06.2001;3;10
30.06.2001;4;9
1.07.2001;4;12
2.07.2001;2.8;11.5
3.07.2001;3.5;10
4.07.2001;4.3;9
5.07.2001;3.4;10
6.07.2001;3.7;13
7.07.2001;4.4;13
8.07.2001;4.7;13
9.07.2001;5.2;13
10.07.2001;4.1;14
11.07.2001;3.2;13
12.07.2001;3.2;12
13.07.2001;2.9;10
14.07.2001;3;9
15.07.2001;2;9
16.07.2001;2.7;12
17.07.2001;2.9;10
18.07.2001;3.2;11
19.07.2001;3;9.5
20.07.2001;2.9;9.5
21.07.2001;3.2;11.5
22.07.2001;2.5;13
23.07.2001;3;9
24.07.2001;4.2;11
25.07.2001;4.3;10
26.07.2001;2.7;10
27.07.2001;1.8;10
28.07.2001;1.7;9
29.07.2001;1.9;10
30.07.2001;2.5;9
31.07.2001;3.1;10
1.08.2001;2.8;10
2.08.2001;2.2;9.5
3.08.2001;3.7;8
4.08.2001;3.2;9.5
5.08.2001;2.7;9
6.08.2001;2;10
7.08.2001;2.7;8
8.08.2001;2.3;9
9.08.2001;2.2;10
10.08.2001;2.4;9.2
11.08.2001;2.4;11
12.08.2001;2.9;11
13.08.2001;2.8;9
14.08.2001;3.9;9
15.08.2001;3.4;10
16.08.2001;2.9;9.5
17.08.2001;4.6;9
18.08.2001;3.9;10.3
19.08.2001;3.2;10
20.08.2001;3.2;7.5
21.08.2001;2.2;9
22.08.2001;2.9;8.1
23.08.2001;3.6;8
24.08.2001;4.2;7
25.08.2001;4.8;10
26.08.2001;3.5;12
27.08.2001;3.2;9
28.08.2001;2.9;7
29.08.2001;3;7
30.08.2001;3.7;8.7
31.08.2001;2.6;9
1.09.2001;2.4;7
2.09.2001;3.5;7
3.09.2001;3.3;10
4.09.2001;3.4;11.3
5.09.2001;4.2;8
6.09.2001;3.6;6
7.09.2001;4.2;8
8.09.2001;3.2;9
9.09.2001;3.1;10.9
10.09.2001;2.7;7
11.09.2001;2.9;6
12.09.2001;3.8;10
13.09.2001;3.8;9
14.09.2001;3;9.2
15.09.2001;2.1;8
16.09.2001;1.9;5
17.09.2001;2.1;9
18.09.2001;3;8
19.09.2001;2.7;7.5
20.09.2001;1.5;7
21.09.2001;1.8;5
22.09.2001;2.5;8
23.09.2001;2.3;9
24.09.2001;2.2;9.2
25.09.2001;1.7;8
26.09.2001;1.7;6
27.09.2001;1.9;6
28.09.2001;3.4;9
29.09.2001;3;10
30.09.2001;3.2;5
1.10.2001;2.9;5
2.10.2001;1.5;4
3.10.2001;2.8;5.6
4.10.2001;3.7;6
5.10.2001;3.7;6
6.10.2001;4.2;7
7.10.2001;1.8;6
8.10.2001;2.7;6
9.10.2001;3.9;5
10.10.2001;2.6;5
11.10.2001;1.8;6
12.10.2001;2;5
13.10.2001;3;4.5
14.10.2001;3;3.5
15.10.2001;1.4;6
16.10.2001;1.6;4.4
17.10.2001;1.8;3.6
18.10.2001;2;4.3
19.10.2001;1.5;6
20.10.2001;1.9;6
21.10.2001;2.2;4.5
22.10.2001;3.1;3
23.10.2001;2.1;4
24.10.2001;1.5;5
25.10.2001;2.8;4
26.10.2001;2.4;4
27.10.2001;3.6;2.1
28.10.2001;2.6;3.4
29.10.2001;3.3;3
30.10.2001;2.1;3.2
31.10.2001;1.9;4
1.11.2001;2.7;4
2.11.2001;2.4;3
3.11.2001;1.5;5
4.11.2001;1.5;3.6
5.11.2001;2.7;3
6.11.2001;0.7;3.6
7.11.2001;2.3;3
8.11.2001;0.4;3
9.11.2001;0.7;2
10.11.2001;1.7;2.3
11.11.2001;4.6;2
12.11.2001;2.8;6.5
13.11.2001;1;6
14.11.2001;1.8;2
15.11.2001;0.8;2.5
16.11.2001;3;2.4
17.11.2001;8.6;3
18.11.2001;6.7;9
19.11.2001;1.1;5
20.11.2001;2.8;4.5
21.11.2001;4.5;4
22.11.2001;3.1;2.4
23.11.2001;0.7;3
24.11.2001;2.7;2.4
25.11.2001;5.3;1.6
26.11.2001;1.1;4
27.11.2001;0.5;1.5
28.11.2001;1.1;3
29.11.2001;2.2;3
30.11.2001;3.2;1.5
1.12.2001;1.8;1.6
2.12.2001;3.9;1.9
3.12.2001;2.8;1.7
4.12.2001;2.6;1.1
5.12.2001;1.5;2.4
6.12.2001;1.2;1
7.12.2001;2.2;0.6
8.12.2001;6.7;1
9.12.2001;1.4;8.1
10.12.2001;1.7;1
11.12.2001;1.7;2
12.12.2001;1.6;2.9
13.12.2001;0.6;0.4
14.12.2001;1.8;0
15.12.2001;1.5;1.2
16.12.2001;2;1.3
17.12.2001;1.3;1.2
18.12.2001;3.3;1
19.12.2001;5.3;1
20.12.2001;0.1;2
21.12.2001;0.6;1.4
22.12.2001;0.4;1.9
23.12.2001;2.1;0.4
24.12.2001;0.5;1
25.12.2001;3.1;1.2
26.12.2001;2.2;2.4
27.12.2001;1.9;1.2
28.12.2001;3.1;1.5
29.12.2001;4;2
30.12.2001;0.7;3
31.12.2001;1.9;1.8
1.01.2002;1;1.8
2.01.2002;5.3;1
3.01.2002;6.7;2.2
4.01.2002;2;2.1
5.01.2002;2.8;1.1
6.01.2002;1.8;0.9
7.01.2002;2.6;1.6
8.01.2002;3.3;0.8
9.01.2002;8.2;2
10.01.2002;11.8;2.2
11.01.2002;3.1;1.5
12.01.2002;2;1
13.01.2002;2.4;2
14.01.2002;2.7;1
15.01.2002;1.3;1.5
16.01.2002;1.6;1.1
17.01.2002;1.4;1
18.01.2002;1;1
19.01.2002;1.6;1
20.01.2002;1.2;0.9
21.01.2002;1.9;0.5
22.01.2002;4.2;1.5
23.01.2002;0.9;1.8
24.01.2002;0.5;1
25.01.2002;1.6;1.6
26.01.2002;2.6;1.5
27.01.2002;2.5;1.5
28.01.2002;1.1;1.6
29.01.2002;3.4;2
30.01.2002;1.5;1.8
31.01.2002;3;2.5
1.02.2002;0.7;2
2.02.2002;0.9;1
3.02.2002;2.4;1
4.02.2002;1.3;2
5.02.2002;1.6;2.3
6.02.2002;2;3
7.02.2002;2;3
8.02.2002;1;4
9.02.2002;1.6;3
10.02.2002;0.5;3
11.02.2002;4.2;1.9
12.02.2002;0.3;1.4
13.02.2002;1.9;1.2
14.02.2002;0.6;2.4
15.02.2002;1.3;0.6
16.02.2002;1.1;2
17.02.2002;1.6;2
18.02.2002;2.6;4
19.02.2002;3.3;3.5
20.02.2002;0.8;2.5
21.02.2002;1.3;1.5
22.02.2002;2.7;3
23.02.2002;1.9;1.5
24.02.2002;5.4;1.6
25.02.2002;1.9;1.6
26.02.2002;3.7;2.1
27.02.2002;2.2;2.2
28.02.2002;1;2.5
1.03.2002;1;2.3
2.03.2002;1.4;2.4
3.03.2002;0.5;3
4.03.2002;1.8;2
5.03.2002;0.6;2.2
6.03.2002;2.1;4
7.03.2002;1.5;4
8.03.2002;2.5;6
9.03.2002;3;4.2
10.03.2002;2.3;4.9
11.03.2002;3.3;4.7
12.03.2002;4;4
13.03.2002;0.6;4
14.03.2002;1.6;2.8
15.03.2002;0.7;2.5
16.03.2002;1;2
17.03.2002;2.8;2.6
18.03.2002;1.5;3
19.03.2002;2.7;2.8
20.03.2002;4.3;3.9
21.03.2002;6.7;4.1
22.03.2002;2.1;6
23.03.2002;2.9;3.6
24.03.2002;4.3;2.5
25.03.2002;2.4;4.5
26.03.2002;3.1;1
27.03.2002;1;3.5
28.03.2002;1.7;2
29.03.2002;1.9;2.4
30.03.2002;1.5;2.6
31.03.2002;3.5;1.6
1.04.2002;2.4;2.7
2.04.2002;2.9;2.4
3.04.2002;5;2
4.04.2002;1.7;3.5
5.04.2002;2.4;2.7
6.04.2002;2.2;2
7.04.2002;5.4;3.1
8.04.2002;2.1;5.5
9.04.2002;1.6;4.2
10.04.2002;1.7;5
11.04.2002;2.8;5
12.04.2002;2.6;7
13.04.2002;0.2;4.2
14.04.2002;2.1;2.6
15.04.2002;0.3;4.2
16.04.2002;2;2
17.04.2002;1.7;1.4
18.04.2002;2.1;2.5
19.04.2002;1.8;3
20.04.2002;0.7;4.1
21.04.2002;2.3;2
22.04.2002;1.8;3
23.04.2002;1.2;2.8
24.04.2002;2.4;2.3
25.04.2002;5.1;3
26.04.2002;3;4.2
27.04.2002;1.5;4
28.04.2002;2.3;3.8
29.04.2002;3.4;4
30.04.2002;2.9;5
1.05.2002;2.6;5
2.05.2002;2.1;5.5
3.05.2002;3.8;2
4.05.2002;3.9;7
5.05.2002;2.2;6.5
6.05.2002;2.7;5.8
7.05.2002;3;5.5
8.05.2002;2.2;7
9.05.2002;3.2;5
10.05.2002;2.8;5.7
11.05.2002;4.5;5.9
12.05.2002;3.6;9
13.05.2002;2.1;7.8
14.05.2002;4.2;5.2
15.05.2002;3.1;3.4
16.05.2002;3;6.5
17.05.2002;3.2;4
18.05.2002;4.7;8
19.05.2002;4.2;4.8
20.05.2002;3.3;10
21.05.2002;3.4;7
22.05.2002;4.7;10
23.05.2002;3.1;5.6
24.05.2002;4.6;6
25.05.2002;2.8;6
26.05.2002;3.8;8
27.05.2002;4.5;9
28.05.2002;4.3;8
29.05.2002;3.1;7.3
30.05.2002;2.9;7
31.05.2002;3.6;8
1.06.2002;2.6;5.6
2.06.2002;3.5;4.1
3.06.2002;3.9;5.6
4.06.2002;4.5;6.3
5.06.2002;4.2;7
6.06.2002;3.5;7.8
7.06.2002;1.3;7.3
8.06.2002;1.5;9.5
9.06.2002;2.1;11.2
10.06.2002;2.8;14
11.06.2002;4;15
12.06.2002;1.5;10
13.06.2002;1;11
14.06.2002;1.5;9
15.06.2002;2.6;9
16.06.2002;2.2;10
17.06.2002;1.4;9.8
18.06.2002;2.4;10
19.06.2002;2.8;10.5
20.06.2002;3.6;10
21.06.2002;2.1;10.5
22.06.2002;1.9;10
23.06.2002;1.7;10
24.06.2002;1.2;9.1
25.06.2002;0.8;9.5
26.06.2002;1;9
27.06.2002;1;8.4
28.06.2002;1.4;9
29.06.2002;1.5;8.4
30.06.2002;1.9;9.5
1.07.2002;1.6;9.5
2.07.2002;1.7;9
3.07.2002;1.8;10
4.07.2002;2.8;11
5.07.2002;1.8;12
6.07.2002;1.5;10
7.07.2002;1.8;8.8
8.07.2002;1.6;10
9.07.2002;1.1;10
10.07.2002;1.1;10
11.07.2002;1;5
12.07.2002;1.2;8
13.07.2002;1.6;10
14.07.2002;3.8;8
15.07.2002;4.7;9.9
16.07.2002;3.6;12
17.07.2002;3.9;13
18.07.2002;3.3;12.4
19.07.2002;4.1;10
20.07.2002;3.3;11
21.07.2002;3.7;10
22.07.2002;2.9;9.5
23.07.2002;2.7;10
24.07.2002;5.9;9
25.07.2002;5.7;11.2
26.07.2002;4.8;14
27.07.2002;4.4;12
28.07.2002;5.7;8.7
29.07.2002;4;11
30.07.2002;5.4;13
31.07.2002;6.2;15
1.08.2002;7.8;16
2.08.2002;4.3;15
3.08.2002;2.8;12
4.08.2002;2.9;11
5.08.2002;3.9;8.6
6.08.2002;3.3;9
7.08.2002;4.2;9
8.08.2002;4.4;10
9.08.2002;3.7;9.5
10.08.2002;2.6;9
11.08.2002;4.6;9
12.08.2002;4.5;10.8
13.08.2002;4.4;13
14.08.2002;6.4;13
15.08.2002;3.3;10
16.08.2002;3.8;10
17.08.2002;4.1;8
18.08.2002;3.3;8
19.08.2002;3;9
20.08.2002;2.7;9.6
21.08.2002;2.8;5.5
22.08.2002;3.1;8
23.08.2002;3.6;8
24.08.2002;3.3;9.5
25.08.2002;3.6;8
26.08.2002;3.7;10
27.08.2002;4.2;10
28.08.2002;4;10.5
29.08.2002;3.6;9.6
30.08.2002;3.7;9
31.08.2002;3.5;7.7
